COUNCIL,DIVISION,WARD NUMBER,WARD NAME,COALITION/PARTY,CANDIDATE NAME,CANDIDATE SEX,CANDIDATE AGE,CANDIDATE VOTES,STATUS,UNCONTESTED VICTORY
BAU DISTRICT COUNCIL,FIRST DIVISION,1,JAGOI,ALLIANCE,NYABONG PA DORIS,MALE,,,WON,Y
BAU DISTRICT COUNCIL,FIRST DIVISION,1,JAGOI,ALLIANCE,MIGEN ANAK MESENG,MALE,,,WON,Y
BAU DISTRICT COUNCIL,FIRST DIVISION,2,KROKONG/TRINGGUS,ALLIANCE,RADON ANAK GAMOI,MALE,,159,WON,N
BAU DISTRICT COUNCIL,FIRST DIVISION,2,KROKONG/TRINGGUS,ALLIANCE,SAWANG ANAK MIDIR,MALE,,97,LOST,N
BAU DISTRICT COUNCIL,FIRST DIVISION,3,BUSO,SUPP,LOO FOO NAM,MALE,,228,WON,N
BAU DISTRICT COUNCIL,FIRST DIVISION,3,BUSO,ALLIANCE,LIEW NAM KHIN,MALE,,41,LOST,N
BAU DISTRICT COUNCIL,FIRST DIVISION,4,BUSO/MUSI,SUPP,BONG MUK SING,MALE,,135,WON,N
BAU DISTRICT COUNCIL,FIRST DIVISION,4,BUSO/MUSI,PANAS,BUANG BIN MINUN,MALE,,43,LOST,N
BAU DISTRICT COUNCIL,FIRST DIVISION,4,BUSO/MUSI,INDEPENDENT,FOO KIM SIEW,MALE,,3,LOST DEPOSIT,N
BAU DISTRICT COUNCIL,FIRST DIVISION,4,BUSO/MUSI,ALLIANCE,HAJI DAHLAN BIN BOJENG,MALE,,10,LOST,N
BAU DISTRICT COUNCIL,FIRST DIVISION,5,SERUMBU,ALLIANCE,SALAU PA NYAUN,MALE,,350,WON,N
BAU DISTRICT COUNCIL,FIRST DIVISION,5,SERUMBU,INDEPENDENT,JOHN LOYAR,MALE,,294,WON,N
BAU DISTRICT COUNCIL,FIRST DIVISION,5,SERUMBU,ALLIANCE,TINGO ANAK MINGES,MALE,,234,LOST,N
BAU DISTRICT COUNCIL,FIRST DIVISION,5,SERUMBU,ALLIANCE,BELI ANAK BAIS,MALE,,121,LOST,N
BAU DISTRICT COUNCIL,FIRST DIVISION,5,SERUMBU,INDEPENDENT,ASEN ANAK MUNJIM,MALE,,109,LOST,N
BAU DISTRICT COUNCIL,FIRST DIVISION,6,BAU,SUPP,CHONG MUK CHONG,MALE,,906,WON,N
BAU DISTRICT COUNCIL,FIRST DIVISION,6,BAU,SUPP,LEW JEW SOON,MALE,,894,WON,N
BAU DISTRICT COUNCIL,FIRST DIVISION,6,BAU,ALLIANCE,LIU YU TSHIUNG,MALE,,157,LOST,N
BAU DISTRICT COUNCIL,FIRST DIVISION,6,BAU,ALLIANCE,NG KHUI HIUNG,MALE,,151,LOST,N
BAU DISTRICT COUNCIL,FIRST DIVISION,7,TANJONG DURIAN/LIDAH TANAH,SUPP,CHIN SHIN KU,MALE,,217,WON,N
BAU DISTRICT COUNCIL,FIRST DIVISION,7,TANJONG DURIAN/LIDAH TANAH,PANAS,HAMDAN BIN KARIM,MALE,,100,LOST,N
BAU DISTRICT COUNCIL,FIRST DIVISION,7,TANJONG DURIAN/LIDAH TANAH,ALLIANCE,ABOT BIN RAJAK,MALE,,25,LOST,N
BAU DISTRICT COUNCIL,FIRST DIVISION,7,TANJONG DURIAN/LIDAH TANAH,INDEPENDENT,CHONG SIP,MALE,,18,LOST,N
BAU DISTRICT COUNCIL,FIRST DIVISION,8,SINIAWAN/PAKU,SUPP,ONG GUAN CHENG,MALE,,539,WON,N
BAU DISTRICT COUNCIL,FIRST DIVISION,8,SINIAWAN/PAKU,ALLIANCE,SITEM ANAK LIAS,MALE,,281,LOST,N
BAU DISTRICT COUNCIL,FIRST DIVISION,8,SINIAWAN/PAKU,PANAS,RANJES ANAK NYOWIN,MALE,,186,LOST,N
BAU DISTRICT COUNCIL,FIRST DIVISION,8,SINIAWAN/PAKU,INDEPENDENT,NG FAH SHIN,MALE,,3,LOST DEPOSIT,N
BAU DISTRICT COUNCIL,FIRST DIVISION,8,SINIAWAN/PAKU,INDEPENDENT,THIAN BOON SEN,MALE,,0,LOST DEPOSIT,N
BAU DISTRICT COUNCIL,FIRST DIVISION,9,SINGGI,PANAS,REMIGIUS DURIN ANAK NYANGU,MALE,,342,WON,N
BAU DISTRICT COUNCIL,FIRST DIVISION,9,SINGGI,INDEPENDENT,MICHAEL REDA ANAK NYANGGU,MALE,,231,WON,N
BAU DISTRICT COUNCIL,FIRST DIVISION,9,SINGGI,INDEPENDENT,AKUN ANAK RIGUT,MALE,,227,LOST,N
BAU DISTRICT COUNCIL,FIRST DIVISION,9,SINGGI,INDEPENDENT,MEJA ANAK NGINDAN,MALE,,193,LOST,N
BAU DISTRICT COUNCIL,FIRST DIVISION,9,SINGGI,PANAS,PHILIP JUIN ANAK NYA'AP,MALE,,73,LOST,N
BAU DISTRICT COUNCIL,FIRST DIVISION,9,SINGGI,INDEPENDENT,FRANCIS MAIN ANAK NORAP,MALE,,11,LOST DEPOSIT,N
BAU DISTRICT COUNCIL,FIRST DIVISION,10,GROGO/SUBA,ALLIANCE,LITES ANAK SIMOI,MALE,,206,WON,N
BAU DISTRICT COUNCIL,FIRST DIVISION,10,GROGO/SUBA,PANAS,MIA ANAK MUNTING,MALE,,144,LOST,N
BAU DISTRICT COUNCIL,FIRST DIVISION,10,GROGO/SUBA,INDEPENDENT,RASEH ANAK NYANIA,MALE,,43,LOST,N
BAU DISTRICT COUNCIL,FIRST DIVISION,10,GROGO/SUBA,INDEPENDENT,NUYING ANAK NULIS,MALE,,0,LOST DEPOSIT,N
BAU DISTRICT COUNCIL,FIRST DIVISION,11,TONDONG,SUPP,LIEW THANG @ LIEW CH'RU,MALE,,,WON,Y
BAU DISTRICT COUNCIL,FIRST DIVISION,12,OPAR/STENGGANG,ALLIANCE,JUNEK ANAK DOLLAH,MALE,,132,WON,N
BAU DISTRICT COUNCIL,FIRST DIVISION,12,OPAR/STENGGANG,PANAS,WAM ANAK NYAYIM,MALE,,100,LOST,N
LOWER SADONG DISTRICT COUNCIL,FIRST DIVISION,1,SIMUNJAN,PANAS,LEE THIAN KEE,MALE,,266,WON,N
LOWER SADONG DISTRICT COUNCIL,FIRST DIVISION,1,SIMUNJAN,INDEPENDENT,LIEW MING CHUNG,MALE,,201,LOST,N
LOWER SADONG DISTRICT COUNCIL,FIRST DIVISION,2,KALAKA/SATEMAN,PANAS,ABANG ASSIM BIN ABANG BAKAR,MALE,,590,WON,N
LOWER SADONG DISTRICT COUNCIL,FIRST DIVISION,2,KALAKA/SATEMAN,SUPP,ABANG PAUZI BIN ABANG CHEE,MALE,,25,LOST DEPOSIT,N
LOWER SADONG DISTRICT COUNCIL,FIRST DIVISION,3,SG. ALIT/TEMIANG,SUPP,ENTERI ANAK TUSAN,MALE,,184,WON,N
LOWER SADONG DISTRICT COUNCIL,FIRST DIVISION,3,SG. ALIT/TEMIANG,PANAS,ISEK ANAK ANUM,MALE,,114,LOST,N
LOWER SADONG DISTRICT COUNCIL,FIRST DIVISION,3,SG. ALIT/TEMIANG,ALLIANCE,KADEH ANAK DUGA,MALE,,142,LOST,N
LOWER SADONG DISTRICT COUNCIL,FIRST DIVISION,4,GEDONG/LUBOK PUNGGOR,PANAS,SUJANG BIN HJ. AMIN,MALE,,,WON,Y
LOWER SADONG DISTRICT COUNCIL,FIRST DIVISION,5,KAPAYANG/BUKIT PUNDA,ALLIANCE,LICHU ANAK BANYONG,MALE,,265,WON,N
LOWER SADONG DISTRICT COUNCIL,FIRST DIVISION,5,KAPAYANG/BUKIT PUNDA,INDEPENDENT,DIGAT ANAK BRIAP,MALE,,82,LOST,N
LOWER SADONG DISTRICT COUNCIL,FIRST DIVISION,5,KAPAYANG/BUKIT PUNDA,INDEPENDENT,JAGOK ANAK PIKOK,MALE,,34,LOST,N
LOWER SADONG DISTRICT COUNCIL,FIRST DIVISION,5,KAPAYANG/BUKIT PUNDA,SUPP,KUCHAI ANAK LINGGANG,MALE,,40,LOST,N
LOWER SADONG DISTRICT COUNCIL,FIRST DIVISION,6,ISU/TELAGUS,PANAS,DRANG ANAK LUTA,MALE,,,WON,Y
LOWER SADONG DISTRICT COUNCIL,FIRST DIVISION,7,SG. ARUS/ENTANGGOR,ALLIANCE,BICHIN ANAK TINDIN,MALE,,164,WON,N
LOWER SADONG DISTRICT COUNCIL,FIRST DIVISION,7,SG. ARUS/ENTANGGOR,SUPP,PATA ANAK LUTA,MALE,,53,LOST,N
LOWER SADONG DISTRICT COUNCIL,FIRST DIVISION,8,SEBANGAN/SELANGKING,PANAS,ABANG MUHI BIN ABANG ALEK,MALE,,431,WON,N
LOWER SADONG DISTRICT COUNCIL,FIRST DIVISION,8,SEBANGAN/SELANGKING,SUPP,CHANG SHIN,MALE,,44,LOST,N
LOWER SADONG DISTRICT COUNCIL,FIRST DIVISION,8,SEBANGAN/SELANGKING,INDEPENDENT,CHOO SIONG KHENG,MALE,,48,LOST,N
LOWER SADONG DISTRICT COUNCIL,FIRST DIVISION,9,ENSENGEI/RANGKANG,PANAS,BUJANG BIN HAJI JEMAN,MALE,,349,WON,N
LOWER SADONG DISTRICT COUNCIL,FIRST DIVISION,9,ENSENGEI/RANGKANG,ALLIANCE,BUNSI ANAK GEBOH,MALE,,169,LOST,N
LOWER SADONG DISTRICT COUNCIL,FIRST DIVISION,10,PENDAM/JAIE,PANAS,JULAIHI BIN YASSIN,MALE,,,WON,Y
LOWER SADONG DISTRICT COUNCIL,FIRST DIVISION,11,JEMUKAN/STOK,SUPP,LAI SUI SING,MALE,,224,WON,N
LOWER SADONG DISTRICT COUNCIL,FIRST DIVISION,11,JEMUKAN/STOK,PANAS,SUHAI BIN JAPAR,MALE,,167,LOST,N
LOWER SADONG DISTRICT COUNCIL,FIRST DIVISION,12,SEMERA/SEPAYER,PANAS,BOJENG BIN INDOT,MALE,,622,WON,N
LOWER SADONG DISTRICT COUNCIL,FIRST DIVISION,12,SEMERA/SEPAYER,SUPP,CHIU KIM CHONG,MALE,,144,LOST,N
LUNDU DISTRICT COUNCIL,FIRST DIVISION,1,SAMPADI,PANAS,SUHAILI BIN JANTAN,MALE,,315,WON,N
LUNDU DISTRICT COUNCIL,FIRST DIVISION,1,SAMPADI,ALLIANCE,CHIL BIN LAHIR,MALE,,15,LOST DEPOSIT,N
LUNDU DISTRICT COUNCIL,FIRST DIVISION,1,SAMPADI,INDEPENDENT,WAHAB BIN AIM,MALE,,68,LOST,N
LUNDU DISTRICT COUNCIL,FIRST DIVISION,2,STUNGKOR,ALLIANCE,NYUNGGEM ANAK MUNJING,MALE,,,WON,Y
LUNDU DISTRICT COUNCIL,FIRST DIVISION,3,JANGKAR,INDEPENDENT,ANGGU ANAK OTOH,MALE,,128,WON,N
LUNDU DISTRICT COUNCIL,FIRST DIVISION,3,JANGKAR,ALLIANCE,GOH HONG PING,MALE,,109,LOST,N
LUNDU DISTRICT COUNCIL,FIRST DIVISION,3,JANGKAR,INDEPENDENT,BAKANG ANAK SAIR,MALE,,9,LOST DEPOSIT,N
LUNDU DISTRICT COUNCIL,FIRST DIVISION,4,BATANG KAYANG,ALLIANCE,KALONG ANAK JUMAT,MALE,,212,WON,N
LUNDU DISTRICT COUNCIL,FIRST DIVISION,4,BATANG KAYANG,SUPP,KASEH ANAK TAHA,MALE,,18,LOST,N
LUNDU DISTRICT COUNCIL,FIRST DIVISION,5,STUNGGANG,PANAS,DOLHASSAN BIN LUYOK,MALE,,211,WON,N
LUNDU DISTRICT COUNCIL,FIRST DIVISION,5,STUNGGANG,ALLIANCE,HUSSAINI BIN MATZEN,MALE,,78,LOST,N
LUNDU DISTRICT COUNCIL,FIRST DIVISION,6,SEBIRIS,SUPP,SEPANG ANAK KALONG KONG,MALE,,245,WON,N
LUNDU DISTRICT COUNCIL,FIRST DIVISION,6,SEBIRIS,ALLIANCE,TAGAS ANAK PETOR,MALE,,160,LOST,N
LUNDU DISTRICT COUNCIL,FIRST DIVISION,7,LUNDU TOWN,SUPP,PUNG TENG HONG,MALE,,270,WON,N
LUNDU DISTRICT COUNCIL,FIRST DIVISION,7,LUNDU TOWN,INDEPENDENT,HENRY KUEK,MALE,,19,LOST DEPOSIT,N
LUNDU DISTRICT COUNCIL,FIRST DIVISION,7,LUNDU TOWN,ALLIANCE,JIMMY SIM MOH HUAT,MALE,,144,LOST,N
LUNDU DISTRICT COUNCIL,FIRST DIVISION,8,SELING,PANAS,BOLHI BIN AHMAD,MALE,,111,WON,N
LUNDU DISTRICT COUNCIL,FIRST DIVISION,8,SELING,ALLIANCE,IRI BIN SERUJI,MALE,,59,LOST,N
LUNDU DISTRICT COUNCIL,FIRST DIVISION,8,SELING,SUPP,NYABONG ANAK SADAM,MALE,,18,LOST,N
LUNDU DISTRICT COUNCIL,FIRST DIVISION,8,SELING,INDEPENDENT,PAUZAN BIN SALLEH,MALE,,36,LOST,N
LUNDU DISTRICT COUNCIL,FIRST DIVISION,9,SEKAMBAL,PANAS,SU'UD BIN UDIN,MALE,,156,WON,N
LUNDU DISTRICT COUNCIL,FIRST DIVISION,9,SEKAMBAL,ALLIANCE,BOL ANAK NUNDI,MALE,,73,LOST,N
LUNDU DISTRICT COUNCIL,FIRST DIVISION,9,SEKAMBAL,SUPP,CHONG HEE SHIN,MALE,,100,LOST,N
LUNDU DISTRICT COUNCIL,FIRST DIVISION,10,SEMATAN RURAL,INDEPENDENT,LAU AH FOO,MALE,,100,WON,N
LUNDU DISTRICT COUNCIL,FIRST DIVISION,10,SEMATAN RURAL,SUPP,LOW KIM FAH,MALE,,81,LOST,N
LUNDU DISTRICT COUNCIL,FIRST DIVISION,11,SEMATAN BAZAAR,PANAS,DEMAN BIN SAHMAT,MALE,,159,WON,N
LUNDU DISTRICT COUNCIL,FIRST DIVISION,11,SEMATAN BAZAAR,INDEPENDENT,GOH KHENG HOON,MALE,,32,LOST,N
LUNDU DISTRICT COUNCIL,FIRST DIVISION,12,PUEH,ALLIANCE,AJAM ANAK KALOM,MALE,,142,WON,N
LUNDU DISTRICT COUNCIL,FIRST DIVISION,12,PUEH,PANAS,MILOS ANAK NIMBUN,MALE,,80,LOST,N
KUCHING MUNICIPAL COUNCIL,FIRST DIVISION,1,DATU'S,PANAS,ABONG BIN TAIP,MALE,,1167,WON,N
KUCHING MUNICIPAL COUNCIL,FIRST DIVISION,1,DATU'S,PANAS,AKNEE BIN TAIP,MALE,,1156,WON,N
KUCHING MUNICIPAL COUNCIL,FIRST DIVISION,1,DATU'S,PANAS,IKHWAN ZAINIE,MALE,,1150,WON,N
KUCHING MUNICIPAL COUNCIL,FIRST DIVISION,1,DATU'S,ALLIANCE,HAJI HUSSEIN HJ. KAWI,MALE,,746,LOST,N
KUCHING MUNICIPAL COUNCIL,FIRST DIVISION,1,DATU'S,ALLIANCE,HAJI SATEM BIN HAJI SULONG,MALE,,743,LOST,N
KUCHING MUNICIPAL COUNCIL,FIRST DIVISION,1,DATU'S,ALLIANCE,MOHAMMAD BIN HJ. BAKRI,MALE,,716,LOST,N
KUCHING MUNICIPAL COUNCIL,FIRST DIVISION,1,DATU'S,INDEPENDENT,ATTAELLAH ZAINUDDIN,MALE,,30,LOST DEPOSIT,N
KUCHING MUNICIPAL COUNCIL,FIRST DIVISION,2,MOSQUE,PANAS,LEONG HO YUEN,MALE,,573,WON,N
KUCHING MUNICIPAL COUNCIL,FIRST DIVISION,2,MOSQUE,PANAS,MOHAMAD BIN MUSA,MALE,,570,WON,N
KUCHING MUNICIPAL COUNCIL,FIRST DIVISION,2,MOSQUE,PANAS,HAJI MOHAMAD ALI BIN AHMAD,MALE,,568,WON,N
KUCHING MUNICIPAL COUNCIL,FIRST DIVISION,2,MOSQUE,ALLIANCE,AWANG HAJI WAL BIN AWANG ABU,MALE,,412,LOST,N
KUCHING MUNICIPAL COUNCIL,FIRST DIVISION,2,MOSQUE,ALLIANCE,ALFRED UNTENG MASON,MALE,,411,LOST,N
KUCHING MUNICIPAL COUNCIL,FIRST DIVISION,2,MOSQUE,ALLIANCE,HAJI JARA'EE BIN HAJI IBRAHIM,MALE,,392,LOST,N
KUCHING MUNICIPAL COUNCIL,FIRST DIVISION,2,MOSQUE,SUPP,CHONG KIM POH,MALE,,297,LOST,N
KUCHING MUNICIPAL COUNCIL,FIRST DIVISION,2,MOSQUE,SUPP,PATRICK AGUS ANAK BAKAR,MALE,,284,LOST,N
KUCHING MUNICIPAL COUNCIL,FIRST DIVISION,2,MOSQUE,INDEPENDENT,ABANG HAJI MOHAMAD KASSIM BIN ABG. MOHAMAD TAHA,MALE,,45,LOST,N
KUCHING MUNICIPAL COUNCIL,FIRST DIVISION,3,SATOK SOUTH,SUPP,ONG GUAN POH,MALE,,459,WON,N
KUCHING MUNICIPAL COUNCIL,FIRST DIVISION,3,SATOK SOUTH,SUPP,PETER NG ENG LIM,MALE,,429,WON,N
KUCHING MUNICIPAL COUNCIL,FIRST DIVISION,3,SATOK SOUTH,SUPP,ABDUL KADIR MARICAN,MALE,,423,WON,N
KUCHING MUNICIPAL COUNCIL,FIRST DIVISION,3,SATOK SOUTH,ALLIANCE,WILLIAM TAN,MALE,,394,LOST,N
KUCHING MUNICIPAL COUNCIL,FIRST DIVISION,3,SATOK SOUTH,ALLIANCE,LEE SWEE HOCK,MALE,,360,LOST,N
KUCHING MUNICIPAL COUNCIL,FIRST DIVISION,3,SATOK SOUTH,ALLIANCE,PETER WONG CHIAP FATT,MALE,,301,LOST,N
KUCHING MUNICIPAL COUNCIL,FIRST DIVISION,3,SATOK SOUTH,PANAS,STEPHEN HARRY,MALE,,183,LOST,N
KUCHING MUNICIPAL COUNCIL,FIRST DIVISION,3,SATOK SOUTH,PANAS,TAN HOCK SENG,MALE,,174,LOST,N
KUCHING MUNICIPAL COUNCIL,FIRST DIVISION,3,SATOK SOUTH,INDEPENDENT,TIONG MEE KING,MALE,,56,LOST DEPOSIT,N
KUCHING MUNICIPAL COUNCIL,FIRST DIVISION,4,ROCK,SUPP,HENRY ONG KEE CHUAN,MALE,,1004,WON,N
KUCHING MUNICIPAL COUNCIL,FIRST DIVISION,4,ROCK,SUPP,CHAN WENG ON,MALE,,943,WON,N
KUCHING MUNICIPAL COUNCIL,FIRST DIVISION,4,ROCK,SUPP,GEORGE SEAH KIM SENG,MALE,,879,WON,N
KUCHING MUNICIPAL COUNCIL,FIRST DIVISION,4,ROCK,ALLIANCE,ABDUL RAHMAN BIN YA'KUP,MALE,,553,LOST,N
KUCHING MUNICIPAL COUNCIL,FIRST DIVISION,4,ROCK,ALLIANCE,FRANCIS TAN ENG CHONG,MALE,,539,LOST,N
KUCHING MUNICIPAL COUNCIL,FIRST DIVISION,4,ROCK,ALLIANCE,SIM KHENG LUNG,MALE,,530,LOST,N
KUCHING MUNICIPAL COUNCIL,FIRST DIVISION,4,ROCK,INDEPENDENT,YEO CHENG HOE,MALE,,327,LOST,N
KUCHING MUNICIPAL COUNCIL,FIRST DIVISION,5,MARKET,SUPP,STEPHEN YONG KUET TZE,MALE,42,716,WON,N
KUCHING MUNICIPAL COUNCIL,FIRST DIVISION,5,MARKET,SUPP,LAM TENG KUI,MALE,,682,WON,N
KUCHING MUNICIPAL COUNCIL,FIRST DIVISION,5,MARKET,SUPP,HO WAH HIN,MALE,,670,WON,N
KUCHING MUNICIPAL COUNCIL,FIRST DIVISION,5,MARKET,ALLIANCE,DANIEL KOK YAN SWEE,MALE,,299,LOST,N
KUCHING MUNICIPAL COUNCIL,FIRST DIVISION,5,MARKET,ALLIANCE,TAN TSAK YU,MALE,,297,LOST,N
KUCHING MUNICIPAL COUNCIL,FIRST DIVISION,5,MARKET,ALLIANCE,J. CHONG EN HYUK,MALE,,274,LOST,N
KUCHING MUNICIPAL COUNCIL,FIRST DIVISION,5,MARKET,INDEPENDENT,SIM PENG CHO,MALE,,94,LOST DEPOSIT,N
KUCHING MUNICIPAL COUNCIL,FIRST DIVISION,5,MARKET,INDEPENDENT,WAN ABU BAKAR TALIB,MALE,,6,LOST DEPOSIT,N
KUCHING MUNICIPAL COUNCIL,FIRST DIVISION,6,BAZAAR,SUPP,ONG KEE HUI,MALE,49,955,WON,N
KUCHING MUNICIPAL COUNCIL,FIRST DIVISION,6,BAZAAR,SUPP,SONG THIAN CHEOK,MALE,,807,WON,N
KUCHING MUNICIPAL COUNCIL,FIRST DIVISION,6,BAZAAR,SUPP,JIMMIE SIM KHENG HUA,MALE,,766,WON,N
KUCHING MUNICIPAL COUNCIL,FIRST DIVISION,6,BAZAAR,INDEPENDENT,LO FOOT KEE,MALE,,380,LOST,N
KUCHING MUNICIPAL COUNCIL,FIRST DIVISION,6,BAZAAR,ALLIANCE,WONG KAI WONG,MALE,,149,LOST DEPOSIT,N
KUCHING MUNICIPAL COUNCIL,FIRST DIVISION,6,BAZAAR,ALLIANCE,CHAI HANG,MALE,,120,LOST DEPOSIT,N
KUCHING MUNICIPAL COUNCIL,FIRST DIVISION,6,BAZAAR,ALLIANCE,ANDREW LIM ENG HOCK,MALE,,79,LOST DEPOSIT,N
KUCHING MUNICIPAL COUNCIL,FIRST DIVISION,7,PADUNGAN,SUPP,HO AIK CHEW,MALE,,1466,WON,N
KUCHING MUNICIPAL COUNCIL,FIRST DIVISION,7,PADUNGAN,SUPP,SONG THIAN HO,MALE,,1444,WON,N
KUCHING MUNICIPAL COUNCIL,FIRST DIVISION,7,PADUNGAN,SUPP,TAN JAK CHI,MALE,,1314,WON,N
KUCHING MUNICIPAL COUNCIL,FIRST DIVISION,7,PADUNGAN,ALLIANCE,TAN TAK SEND,MALE,,370,LOST,N
KUCHING MUNICIPAL COUNCIL,FIRST DIVISION,7,PADUNGAN,ALLIANCE,TING MING HUAI,MALE,,294,LOST,N
KUCHING MUNICIPAL COUNCIL,FIRST DIVISION,7,PADUNGAN,ALLIANCE,WONG AH SUAN,MALE,,258,LOST DEPOSIT,N
KUCHING MUNICIPAL COUNCIL,FIRST DIVISION,7,PADUNGAN,INDEPENDENT,WU HWA,MALE,,207,LOST DEPOSIT,N
KUCHING MUNICIPAL COUNCIL,FIRST DIVISION,8,CENTRAL,SUPP,HO HO LIM,MALE,,852,WON,N
KUCHING MUNICIPAL COUNCIL,FIRST DIVISION,8,CENTRAL,SUPP,CHUA CHOO SENG,MALE,,815,WON,N
KUCHING MUNICIPAL COUNCIL,FIRST DIVISION,8,CENTRAL,SUPP,CHARLES LINANG,MALE,,787,WON,N
KUCHING MUNICIPAL COUNCIL,FIRST DIVISION,8,CENTRAL,ALLIANCE,LO YANG CHO,MALE,,232,LOST,N
KUCHING MUNICIPAL COUNCIL,FIRST DIVISION,8,CENTRAL,ALLIANCE,ANSELM SHII DAI SENG,MALE,,214,LOST,N
KUCHING MUNICIPAL COUNCIL,FIRST DIVISION,8,CENTRAL,ALLIANCE,NGUI AH SHIN,MALE,,213,LOST,N
KUCHING MUNICIPAL COUNCIL,FIRST DIVISION,8,CENTRAL,INDEPENDENT,CHAN KIOK LENG,MALE,,126,LOST DEPOSIT,N
KUCHING MUNICIPAL COUNCIL,FIRST DIVISION,9,EAST,SUPP,BARBARA BAY,FEMALE,63,1128,WON,N
KUCHING MUNICIPAL COUNCIL,FIRST DIVISION,9,EAST,SUPP,CHAN SIAW HEE,MALE,,1120,WON,N
KUCHING MUNICIPAL COUNCIL,FIRST DIVISION,9,EAST,SUPP,LIM KIM SENG,MALE,,1074,WON,N
KUCHING MUNICIPAL COUNCIL,FIRST DIVISION,9,EAST,INDEPENDENT,ABANG AHMAD BIN DATU HAKIM ABG. HJ. MOHIDEEN,MALE,,430,LOST,N
KUCHING MUNICIPAL COUNCIL,FIRST DIVISION,9,EAST,ALLIANCE,SYLVESTER CHAI MOOK NYAN,MALE,,283,LOST,N
KUCHING MUNICIPAL COUNCIL,FIRST DIVISION,9,EAST,ALLIANCE,CHOO WOON HO,MALE,,283,LOST,N
KUCHING MUNICIPAL COUNCIL,FIRST DIVISION,9,EAST,ALLIANCE,CHONG KIA KIM,MALE,,279,LOST,N
KUCHING MUNICIPAL COUNCIL,FIRST DIVISION,9,EAST,INDEPENDENT,BUSRAH OTHMAN,MALE,,9,LOST DEPOSIT,N
KUCHING RURAL DISTRICT COUNCIL,FIRST DIVISION,1,PADAWAN,ALLIANCE,JANGAT ANAK BATEH,MALE,,637,WON,N
KUCHING RURAL DISTRICT COUNCIL,FIRST DIVISION,1,PADAWAN,SUPP,LAI MIN JUN ,MALE,,116,LOST,N
KUCHING RURAL DISTRICT COUNCIL,FIRST DIVISION,2,BENGOH,PANAS,SEGUS ANAK GINYAI,MALE,,256,WON,N
KUCHING RURAL DISTRICT COUNCIL,FIRST DIVISION,2,BENGOH,INDEPENDENT,ACHEK ANAK SWEAR,MALE,,181,LOST,N
KUCHING RURAL DISTRICT COUNCIL,FIRST DIVISION,2,BENGOH,ALLIANCE,T. K. BESONG ANAK SEMAS,MALE,,78,LOST,N
KUCHING RURAL DISTRICT COUNCIL,FIRST DIVISION,2,BENGOH,SUPP,LIM CHIEW TECK @ SUT ANAK MEGUS,MALE,,44,LOST,N
KUCHING RURAL DISTRICT COUNCIL,FIRST DIVISION,3,PANGKALAN KUT,SUPP,LEE SHOON NAM,MALE,,904,WON,N
KUCHING RURAL DISTRICT COUNCIL,FIRST DIVISION,3,PANGKALAN KUT,SUPP,SAWER ANAK GANEK,MALE,,871,WON,N
KUCHING RURAL DISTRICT COUNCIL,FIRST DIVISION,3,PANGKALAN KUT,PANAS,GREGORY ANAK KUYANG @ ANAK NYANGU,MALE,,649,LOST,N
KUCHING RURAL DISTRICT COUNCIL,FIRST DIVISION,3,PANGKALAN KUT,INDEPENDENT,MICHAEL RANYED JACKSON ANAK RIDES,MALE,,637,LOST,N
KUCHING RURAL DISTRICT COUNCIL,FIRST DIVISION,4,SEMADANG,ALLIANCE,T. K. SEMBUS ANAK SANGGE,MALE,,351,WON,N
KUCHING RURAL DISTRICT COUNCIL,FIRST DIVISION,4,SEMADANG,SUPP,MAWANG ANAK SUMEH,MALE,,115,LOST,N
KUCHING RURAL DISTRICT COUNCIL,FIRST DIVISION,4,SEMADANG,INDEPENDENT,MIDUN ANAK JAGAT,MALE,,278,LOST,N
KUCHING RURAL DISTRICT COUNCIL,FIRST DIVISION,5,19TH MILE,SUPP,JONG KHIN HENG,MALE,,441,WON,N
KUCHING RURAL DISTRICT COUNCIL,FIRST DIVISION,5,19TH MILE,PANAS,GEORGE ANAK MAON ,MALE,,212,LOST,N
KUCHING RURAL DISTRICT COUNCIL,FIRST DIVISION,5,19TH MILE,INDEPENDENT,TSAI CHEEN HEN,MALE,,53,LOST,N
KUCHING RURAL DISTRICT COUNCIL,FIRST DIVISION,6,17TH MILE,SUPP,KOO NYAN FUI,MALE,,715,WON,N
KUCHING RURAL DISTRICT COUNCIL,FIRST DIVISION,6,17TH MILE,PANAS,AUSTIN JAGA,MALE,,549,LOST,N
KUCHING RURAL DISTRICT COUNCIL,FIRST DIVISION,7,10TH MILE,SUPP,BONG JOON CHIOK,MALE,,989,WON,N
KUCHING RURAL DISTRICT COUNCIL,FIRST DIVISION,7,10TH MILE,SUPP,LIM YAN KHUI,MALE,,959,WON,N
KUCHING RURAL DISTRICT COUNCIL,FIRST DIVISION,7,10TH MILE,PANAS,CHIA SOON SEM,MALE,,571,LOST,N
KUCHING RURAL DISTRICT COUNCIL,FIRST DIVISION,7,10TH MILE,INDEPENDENT,RONA PUSAT,MALE,,351,LOST,N
KUCHING RURAL DISTRICT COUNCIL,FIRST DIVISION,7,10TH MILE,ALLIANCE,THIAN PIN KHIAM,MALE,,381,LOST,N
KUCHING RURAL DISTRICT COUNCIL,FIRST DIVISION,7,10TH MILE,PANAS,WENG BIN MARZUKI,MALE,,474,LOST,N
KUCHING RURAL DISTRICT COUNCIL,FIRST DIVISION,8,MERDANG,INDEPENDENT,BUJANG ANAK KABUL,MALE,,253,WON,N
KUCHING RURAL DISTRICT COUNCIL,FIRST DIVISION,8,MERDANG,INDEPENDENT,DANIEL DAIS ANAK SANG,MALE,,53,LOST,N
KUCHING RURAL DISTRICT COUNCIL,FIRST DIVISION,8,MERDANG,SUPP,TAN GUEK HONG,FEMALE,,91,LOST,N
KUCHING RURAL DISTRICT COUNCIL,FIRST DIVISION,9,TUANG,PANAS,T. K. HJ. DOL BIN OSMAN,MALE,,641,WON,N
KUCHING RURAL DISTRICT COUNCIL,FIRST DIVISION,9,TUANG,ALLIANCE,T. K. SHARBINI BIN A. HJ. JUNAIDI,MALE,,184,LOST,N
KUCHING RURAL DISTRICT COUNCIL,FIRST DIVISION,10,SAMARAHAN,PANAS,AWG. TAHA BIN AWG. JAHID,MALE,,656,WON,N
KUCHING RURAL DISTRICT COUNCIL,FIRST DIVISION,10,SAMARAHAN,ALLIANCE,HJ. IBRAHIM BIN HJ. AHMAD ,MALE,,90,LOST,N
KUCHING RURAL DISTRICT COUNCIL,FIRST DIVISION,10,SAMARAHAN,INDEPENDENT,SEDEK BIN OTHMAN,MALE,,2,LOST DEPOSIT,N
KUCHING RURAL DISTRICT COUNCIL,FIRST DIVISION,11,SAMPUN,PANAS,BUJANG BIN TUDIN,MALE,,405,WON,N
KUCHING RURAL DISTRICT COUNCIL,FIRST DIVISION,11,SAMPUN,SUPP,JAMPANG ANAK HAKA,MALE,,358,LOST,N
KUCHING RURAL DISTRICT COUNCIL,FIRST DIVISION,11,SAMPUN,ALLIANCE,NYANGKA ANAK BANGKA,MALE,,158,LOST,N
KUCHING RURAL DISTRICT COUNCIL,FIRST DIVISION,12,NONOK,PANAS,ABAN BIN REBI,MALE,,565,WON,N
KUCHING RURAL DISTRICT COUNCIL,FIRST DIVISION,12,NONOK,ALLIANCE,T. K. ABG. SULAIMAN BIN ABG. LAMPONG,MALE,,51,LOST,N
KUCHING RURAL DISTRICT COUNCIL,FIRST DIVISION,13,SAMBIR,PANAS,DRAHMAN BIN MOHAMAD,MALE,,442,WON,N
KUCHING RURAL DISTRICT COUNCIL,FIRST DIVISION,13,SAMBIR,INDEPENDENT,BAITI BIN NARAWI,MALE,,354,LOST,N
KUCHING RURAL DISTRICT COUNCIL,FIRST DIVISION,14,BATU BLAT,PANAS,WAN DAHLAN BIN TUANKU HAMID,MALE,,294,WON,N
KUCHING RURAL DISTRICT COUNCIL,FIRST DIVISION,14,BATU BLAT,ALLIANCE,ABG. MAT BIN SALLEH,MALE,,86,LOST,N
KUCHING RURAL DISTRICT COUNCIL,FIRST DIVISION,15,BELIONG,PANAS,TAMBY BIN PI'EE,MALE,,541,WON,N
KUCHING RURAL DISTRICT COUNCIL,FIRST DIVISION,15,BELIONG,ALLIANCE,ASRAT BIN SULAIMAN,MALE,,85,LOST,N
KUCHING RURAL DISTRICT COUNCIL,FIRST DIVISION,15,BELIONG,INDEPENDENT,JONG SYN CHOI,MALE,,255,LOST,N
KUCHING RURAL DISTRICT COUNCIL,FIRST DIVISION,16,MUARA TEBAS,PANAS,SUAIDI BIN HJ. ARSHAD,MALE,,1066,WON,N
KUCHING RURAL DISTRICT COUNCIL,FIRST DIVISION,16,MUARA TEBAS,PANAS,SAPEK BIN TUAH,MALE,,1090,WON,N
KUCHING RURAL DISTRICT COUNCIL,FIRST DIVISION,16,MUARA TEBAS,ALLIANCE,HJ. M. SU'UT TAHIR,MALE,,284,LOST,N
KUCHING RURAL DISTRICT COUNCIL,FIRST DIVISION,16,MUARA TEBAS,ALLIANCE,MOHD. MORTADZA BIN HJ. DAUD,MALE,,302,LOST,N
KUCHING RURAL DISTRICT COUNCIL,FIRST DIVISION,16,MUARA TEBAS,SUPP,SAMI BIN NOR,MALE,,403,LOST,N
KUCHING RURAL DISTRICT COUNCIL,FIRST DIVISION,17,3RD MILE,SUPP,CHAI KA KHIONG,MALE,,668,WON,N
KUCHING RURAL DISTRICT COUNCIL,FIRST DIVISION,17,3RD MILE,SUPP,LIM KHENG SZE @ LIM KWANG SZE,MALE,,749,WON,N
KUCHING RURAL DISTRICT COUNCIL,FIRST DIVISION,17,3RD MILE,PANAS,ANDREW JIKA LAUNDAU,MALE,,536,LOST,N
KUCHING RURAL DISTRICT COUNCIL,FIRST DIVISION,17,3RD MILE,INDEPENDENT,CHIN POH LUKE,MALE,,594,LOST,N
KUCHING RURAL DISTRICT COUNCIL,FIRST DIVISION,17,3RD MILE,ALLIANCE,KONG FENN FATT,MALE,,153,LOST,N
KUCHING RURAL DISTRICT COUNCIL,FIRST DIVISION,17,3RD MILE,ALLIANCE,LAI CHONG KIAT,MALE,,123,LOST DEPOSIT,N
KUCHING RURAL DISTRICT COUNCIL,FIRST DIVISION,17,3RD MILE,INDEPENDENT,LIM KHE TIT,MALE,,136,LOST DEPOSIT,N
KUCHING RURAL DISTRICT COUNCIL,FIRST DIVISION,18,7TH MILE,SUPP,CHANG KIM,MALE,,477,WON,N
KUCHING RURAL DISTRICT COUNCIL,FIRST DIVISION,18,7TH MILE,SUPP,CHIN FUI SIONG,MALE,,470,WON,N
KUCHING RURAL DISTRICT COUNCIL,FIRST DIVISION,18,7TH MILE,INDEPENDENT,ANDREW REGIB ANAK MIKUH,MALE,,193,LOST,N
KUCHING RURAL DISTRICT COUNCIL,FIRST DIVISION,18,7TH MILE,ALLIANCE,CHANG SHUNG SHIN,MALE,,130,LOST,N
KUCHING RURAL DISTRICT COUNCIL,FIRST DIVISION,18,7TH MILE,ALLIANCE,LIONG KIM CHONG,MALE,,267,LOST,N
KUCHING RURAL DISTRICT COUNCIL,FIRST DIVISION,19,BATU KAWA,SUPP,CHONG KIUN KONG ,MALE,,1196,WON,N
KUCHING RURAL DISTRICT COUNCIL,FIRST DIVISION,19,BATU KAWA,PANAS,BISMILLAH BIN AGUS,MALE,,167,LOST,N
KUCHING RURAL DISTRICT COUNCIL,FIRST DIVISION,20,MATANG,PANAS,SALEKAN BIN MARTO,MALE,,760,WON,N
KUCHING RURAL DISTRICT COUNCIL,FIRST DIVISION,20,MATANG,INDEPENDENT,AWG. DRUP BIN PENGIRAN BADAR,MALE,,80,LOST,N
KUCHING RURAL DISTRICT COUNCIL,FIRST DIVISION,20,MATANG,ALLIANCE,THEN MONG FUI,MALE,,138,LOST,N
KUCHING RURAL DISTRICT COUNCIL,FIRST DIVISION,21,GITA,PANAS,ABG. OTHMAN BIN ABG. HJ. MOASILI,MALE,,598,WON,N
KUCHING RURAL DISTRICT COUNCIL,FIRST DIVISION,21,GITA,ALLIANCE,DAWI BIN ABD. RAHMAN,MALE,,293,LOST,N
KUCHING RURAL DISTRICT COUNCIL,FIRST DIVISION,22,MAONG,SUPP,CHOK CHOI FOCK ,MALE,,322,WON,N
KUCHING RURAL DISTRICT COUNCIL,FIRST DIVISION,22,MAONG,INDEPENDENT,CHIN SIN FOH,MALE,,45,LOST,N
KUCHING RURAL DISTRICT COUNCIL,FIRST DIVISION,22,MAONG,INDEPENDENT,LEE WAH SIEW,MALE,,48,LOST,N
KUCHING RURAL DISTRICT COUNCIL,FIRST DIVISION,23,SEKAMA,INDEPENDENT,CHONG SHAW,MALE,,538,WON,N
KUCHING RURAL DISTRICT COUNCIL,FIRST DIVISION,23,SEKAMA,SUPP,SIM KHENG HONG,MALE,,888,WON,N
KUCHING RURAL DISTRICT COUNCIL,FIRST DIVISION,23,SEKAMA,SUPP,KONG YUN CHONG,MALE,,377,LOST,N
KUCHING RURAL DISTRICT COUNCIL,FIRST DIVISION,23,SEKAMA,INDEPENDENT,PNG BAK CHENG,MALE,,44,LOST DEPOSIT,N
KUCHING RURAL DISTRICT COUNCIL,FIRST DIVISION,23,SEKAMA,INDEPENDENT,WEE CHONG CHONG HONG,MALE,,52,LOST DEPOSIT,N
KUCHING RURAL DISTRICT COUNCIL,FIRST DIVISION,24,BINTAWA,PANAS,ABG. HJ. MOSTAPHA BIN MOASILI,MALE,,1018,WON,N
KUCHING RURAL DISTRICT COUNCIL,FIRST DIVISION,24,BINTAWA,ALLIANCE,AKG. EJIE BIN AWG. OMAR,MALE,,78,LOST,N
KUCHING RURAL DISTRICT COUNCIL,FIRST DIVISION,25,ASTANA,PANAS,ABG. HJ. HOOD BIN ABG. HJ. SUHAIMI,MALE,,916,WON,N
KUCHING RURAL DISTRICT COUNCIL,FIRST DIVISION,25,ASTANA,ALLIANCE,ABG. MARZUJI BIN ABG. MOHAMAD NOR,MALE,,203,LOST,N
KUCHING RURAL DISTRICT COUNCIL,FIRST DIVISION,26,TUPONG,INDEPENDENT,ABG. HJ. ABD. RAHIM,MALE,,980,WON,N
KUCHING RURAL DISTRICT COUNCIL,FIRST DIVISION,26,TUPONG,INDEPENDENT,MOHD. NOR BIN HJ. HASSAN,MALE,,14,LOST DEPOSIT,N
KUCHING RURAL DISTRICT COUNCIL,FIRST DIVISION,26,TUPONG,ALLIANCE,WAN ABG. RAHMAN BIN DATU TUANKU BUJANG,MALE,,525,LOST,N
KUCHING RURAL DISTRICT COUNCIL,FIRST DIVISION,26,TUPONG,SUPP,ABG. WAHID BIN ABG. WAHAD,MALE,,57,LOST,N
KUCHING RURAL DISTRICT COUNCIL,FIRST DIVISION,27,SIBU LAUT,PANAS,OJIT BIN HASSAN,MALE,,335,WON,N
KUCHING RURAL DISTRICT COUNCIL,FIRST DIVISION,27,SIBU LAUT,ALLIANCE,ABDUL KADIR HASSAN,MALE,,64,LOST,N
KUCHING RURAL DISTRICT COUNCIL,FIRST DIVISION,28,SANTUBONG,PANAS,MAT BIN BOJENG,MALE,,515,WON,N
KUCHING RURAL DISTRICT COUNCIL,FIRST DIVISION,28,SANTUBONG,ALLIANCE,ABG. RAHMAN BIN HJ. ABDULLAH,MALE,,329,LOST,N
UPPER SADONG DISTRICT COUNCIL,FIRST DIVISION,1,SERIAN,SUPP,KANDU ANAK MANOK,MALE,,425,WON,N
UPPER SADONG DISTRICT COUNCIL,FIRST DIVISION,1,SERIAN,PANAS,YUSUF BIN SHEKH MUTU,MALE,,263,LOST,N
UPPER SADONG DISTRICT COUNCIL,FIRST DIVISION,1,SERIAN,ALLIANCE,BONG KIM CHOON,MALE,,237,LOST,N
UPPER SADONG DISTRICT COUNCIL,FIRST DIVISION,2,TANGGA,ALLIANCE,RAHUN ANAK DEBAK,MALE,,347,WON,N
UPPER SADONG DISTRICT COUNCIL,FIRST DIVISION,2,TANGGA,SUPP,TAKOK ANAK LUNGKUI,MALE,,163,LOST,N
UPPER SADONG DISTRICT COUNCIL,FIRST DIVISION,2,TANGGA,PANAS,HAN BIN MOHAMAD,MALE,,75,LOST,N
UPPER SADONG DISTRICT COUNCIL,FIRST DIVISION,3,TEBAKANG,ALLIANCE,BAOR ANAK KETOB,MALE,,319,WON,N
UPPER SADONG DISTRICT COUNCIL,FIRST DIVISION,3,TEBAKANG,PANAS,AWANG JULI BIN PENGIRAU PANJI,MALE,,272,LOST,N
UPPER SADONG DISTRICT COUNCIL,FIRST DIVISION,3,TEBAKANG,INDEPENDENT,THOMAS UWAK ANAK LINKUI,MALE,,194,LOST,N
UPPER SADONG DISTRICT COUNCIL,FIRST DIVISION,4,BAKI,INDEPENDENT,DUKAU ANAK BAJAG,MALE,,347,WON,N
UPPER SADONG DISTRICT COUNCIL,FIRST DIVISION,4,BAKI,INDEPENDENT,JEE SHUK CHOUNG,MALE,,196,LOST,N
UPPER SADONG DISTRICT COUNCIL,FIRST DIVISION,4,BAKI,SUPP,LAMGOD ANAK SANGOT,MALE,,108,LOST,N
UPPER SADONG DISTRICT COUNCIL,FIRST DIVISION,5,ENSENGEI ,PANAS,ZAINI BIN IBRAHIM,MALE,,216,WON,N
UPPER SADONG DISTRICT COUNCIL,FIRST DIVISION,5,ENSENGEI ,ALLIANCE,SUNGAM ANAK TIPAS,MALE,,194,LOST,N
UPPER SADONG DISTRICT COUNCIL,FIRST DIVISION,5,ENSENGEI ,SUPP,SZE MOI SEN,MALE,,181,LOST,N
UPPER SADONG DISTRICT COUNCIL,FIRST DIVISION,5,ENSENGEI ,INDEPENDENT,CHAI KA CHON,MALE,,152,LOST,N
UPPER SADONG DISTRICT COUNCIL,FIRST DIVISION,6,PANCHOR,SUPP,BONG KUET LIONG,MALE,,370,WON,N
UPPER SADONG DISTRICT COUNCIL,FIRST DIVISION,6,PANCHOR,PANAS,SINJAN ANAK SADUP,MALE,,136,LOST,N
UPPER SADONG DISTRICT COUNCIL,FIRST DIVISION,7,SAMARAHAN,ALLIANCE,TAN YAM HUI,MALE,,291,WON,N
UPPER SADONG DISTRICT COUNCIL,FIRST DIVISION,7,SAMARAHAN,PANAS,SUJANG BIN HAJI ABDUL RAZAK,MALE,,264,LOST,N
UPPER SADONG DISTRICT COUNCIL,FIRST DIVISION,7,SAMARAHAN,INDEPENDENT,JIN ANAK TICHAI,MALE,,102,LOST,N
UPPER SADONG DISTRICT COUNCIL,FIRST DIVISION,7,SAMARAHAN,SUPP,ABAT ANAK KADONG,MALE,,16,LOST DEPOSIT,N
UPPER SADONG DISTRICT COUNCIL,FIRST DIVISION,8,BENTANG,PANAS,RADE ANAK HAMBAH,MALE,,500,WON,N
UPPER SADONG DISTRICT COUNCIL,FIRST DIVISION,8,BENTANG,SUPP,NYADANG ANAK NADUR,MALE,,105,LOST,N
UPPER SADONG DISTRICT COUNCIL,FIRST DIVISION,8,BENTANG,ALLIANCE,MUNAL ANAK NABONG,MALE,,94,LOST,N
UPPER SADONG DISTRICT COUNCIL,FIRST DIVISION,9,BENGARAT,INDEPENDENT,DAGOK ANAK RANDAN,MALE,,,WON,Y
UPPER SADONG DISTRICT COUNCIL,FIRST DIVISION,10,AMO,PANAS,IDI ANAK RARE,MALE,,181,WON,N
UPPER SADONG DISTRICT COUNCIL,FIRST DIVISION,10,AMO,SUPP,CHUNG NYIAN CHONG,MALE,,6,LOST DEPOSIT,N
UPPER SADONG DISTRICT COUNCIL,FIRST DIVISION,11,TEBEDU,ALLIANCE,LUHIN ANAK AHIM,MALE,,617,WON,N
UPPER SADONG DISTRICT COUNCIL,FIRST DIVISION,11,TEBEDU,SUPP,KON TED FAH,MALE,,100,LOST,N
UPPER SADONG DISTRICT COUNCIL,FIRST DIVISION,11,TEBEDU,INDEPENDENT,CHOO JOON TED,MALE,,31,LOST DEPOSIT,N
UPPER SADONG DISTRICT COUNCIL,FIRST DIVISION,12,TRIBOH,ALLIANCE,MENJA ANAK SATAS,MALE,,558,WON,N
UPPER SADONG DISTRICT COUNCIL,FIRST DIVISION,12,TRIBOH,SUPP,MANGGIH ANAK IGANG,MALE,,71,LOST,N
UPPER SADONG DISTRICT COUNCIL,FIRST DIVISION,13,BALAI RINGIN,INDEPENDENT,ADIS ANAK TAJAK,MALE,,207,WON,N
UPPER SADONG DISTRICT COUNCIL,FIRST DIVISION,13,BALAI RINGIN,ALLIANCE,UNGIN ANAK SUALA,MALE,,203,LOST,N
UPPER SADONG DISTRICT COUNCIL,FIRST DIVISION,13,BALAI RINGIN,PANAS,SARUDIN ANAK DUNDA,MALE,,142,LOST,N
UPPER SADONG DISTRICT COUNCIL,FIRST DIVISION,13,BALAI RINGIN,SUPP,VUN JAN KIM,MALE,,72,LOST,N
UPPER SADONG DISTRICT COUNCIL,FIRST DIVISION,14,LOWER KEDUP,ALLIANCE,ANDREW LUAK ANAK KAJONG,MALE,,400,WON,N
UPPER SADONG DISTRICT COUNCIL,FIRST DIVISION,14,LOWER KEDUP,PANAS,AUGUSTINE KIEK ANAK TIHAH,MALE,,335,LOST,N
UPPER SADONG DISTRICT COUNCIL,FIRST DIVISION,14,LOWER KEDUP,INDEPENDENT,STEPHEN J. WONG ANGKOK,MALE,,193,LOST,N
UPPER SADONG DISTRICT COUNCIL,FIRST DIVISION,14,LOWER KEDUP,SUPP,STEPHEN JANGKA ANAK BARENG,MALE,,15,LOST DEPOSIT,N
UPPER SADONG DISTRICT COUNCIL,FIRST DIVISION,15,UPPER KEDUP,PANAS,AHAN ANAK NKUYONG,MALE,,298,WON,N
UPPER SADONG DISTRICT COUNCIL,FIRST DIVISION,15,UPPER KEDUP,INDEPENDENT,RABI ANAK NAYAN,MALE,,297,LOST,N
UPPER SADONG DISTRICT COUNCIL,FIRST DIVISION,15,UPPER KEDUP,SUPP,NORA ANAK NAGOR,MALE,,96,LOST,N
BATANG LUPAR DISTRICT COUNCIL,SECOND DIVISION,1,ULU SKRANG,INDEPENDENT,PENGHULU NAROK ANAK BAKAR,MALE,,,WON,Y
BATANG LUPAR DISTRICT COUNCIL,SECOND DIVISION,2,SKRANG ILI,ALLIANCE,PANGGAI ANAK ENTEBANG,MALE,,795,WON,N
BATANG LUPAR DISTRICT COUNCIL,SECOND DIVISION,2,SKRANG ILI,PANAS,SIGAN ANAK MASIR,MALE,,340,LOST,N
BATANG LUPAR DISTRICT COUNCIL,SECOND DIVISION,3,UNDUP ILI,ALLIANCE,PENGHULU INTAI ANAK GAMANG,MALE,,500,WON,N
BATANG LUPAR DISTRICT COUNCIL,SECOND DIVISION,3,UNDUP ILI,SUPP,LAMAU ANAK LIBU,MALE,,124,LOST,N
BATANG LUPAR DISTRICT COUNCIL,SECOND DIVISION,4,UNDUP ULU,ALLIANCE,EDWIN TANGKUN,MALE,,,WON,Y
BATANG LUPAR DISTRICT COUNCIL,SECOND DIVISION,5,SUNGEI MELUGU,INDEPENDENT,GIMANG ANAK ANEN,MALE,,547,WON,N
BATANG LUPAR DISTRICT COUNCIL,SECOND DIVISION,5,SUNGEI MELUGU,ALLIANCE,EDWARD W. HOWEL,MALE,,332,LOST,N
BATANG LUPAR DISTRICT COUNCIL,SECOND DIVISION,5,SUNGEI MELUGU,SUPP,SIDOK ANAK MUMIN,MALE,,121,LOST,N
BATANG LUPAR DISTRICT COUNCIL,SECOND DIVISION,6,BATANG LUPAR,ALLIANCE,PENGHULU CHARLES INTAI ANAK JAUL,MALE,,1767,WON,N
BATANG LUPAR DISTRICT COUNCIL,SECOND DIVISION,6,BATANG LUPAR,ALLIANCE,PENGHULU TAWI SLI,MALE,51,1614,WON,N
BATANG LUPAR DISTRICT COUNCIL,SECOND DIVISION,6,BATANG LUPAR,SUPP,JOSHUA UDIN,MALE,,250,LOST,N
BATANG LUPAR DISTRICT COUNCIL,SECOND DIVISION,6,BATANG LUPAR,SUPP,RIMAU ANAK JIMBU,MALE,,179,LOST DEPOSIT,N
BATANG LUPAR DISTRICT COUNCIL,SECOND DIVISION,7,SUNGEI UBAH,ALLIANCE,AUGUSTINE MERCER TANGA,MALE,,664,WON,N
BATANG LUPAR DISTRICT COUNCIL,SECOND DIVISION,7,SUNGEI UBAH,SUPP,TUAI RUMAH BULI,MALE,,348,LOST,N
BATANG LUPAR DISTRICT COUNCIL,SECOND DIVISION,8,SUNGEI KARA,ALLIANCE,RANTAI ANAK IGAM,MALE,,680,WON,N
BATANG LUPAR DISTRICT COUNCIL,SECOND DIVISION,8,SUNGEI KARA,SUPP,RINGKAI ANAK JIMBAI,MALE,,166,LOST,N
BATANG LUPAR DISTRICT COUNCIL,SECOND DIVISION,9,BANTING,ALLIANCE,SYDNEY SINTU,MALE,,,WON,Y
BATANG LUPAR DISTRICT COUNCIL,SECOND DIVISION,10,ULU SEBUYAU,ALLIANCE,PENGARAH STOREY ANAK P. NGUMBANG,MALE,,,WON,Y
BATANG LUPAR DISTRICT COUNCIL,SECOND DIVISION,11,SIMANGGANG URBAN,SUPP,HOLLIS TINI,MALE,,215,WON,N
BATANG LUPAR DISTRICT COUNCIL,SECOND DIVISION,11,SIMANGGANG URBAN,INDEPENDENT,POH SU HONG,MALE,,166,LOST,N
BATANG LUPAR DISTRICT COUNCIL,SECOND DIVISION,11,SIMANGGANG URBAN,INDEPENDENT,POH SZE KIANG,MALE,,71,LOST,N
BATANG LUPAR DISTRICT COUNCIL,SECOND DIVISION,12,SIMANGGANG NORTH AND WEST,PANAS,ABANG HJ. HAMID BIN ABG. HJ. SALAM,MALE,,101,WON,Y
BATANG LUPAR DISTRICT COUNCIL,SECOND DIVISION,13,SIMANGGANG NORTH AND EAST,PANAS,DATU ABG. HJ. MOHD. ZEN,MALE,,421,WON,N
BATANG LUPAR DISTRICT COUNCIL,SECOND DIVISION,13,SIMANGGANG NORTH AND EAST,SUPP,WILLIAM LONZA,MALE,,70,LOST,N
BATANG LUPAR DISTRICT COUNCIL,SECOND DIVISION,14,SIMANGGANG SOUTH,ALLIANCE,JOSHUA JANGGA ANAK IMPIN,MALE,,132,WON,N
BATANG LUPAR DISTRICT COUNCIL,SECOND DIVISION,14,SIMANGGANG SOUTH,SUPP,TAN KEE KIANG,MALE,,119,LOST,N
BATANG LUPAR DISTRICT COUNCIL,SECOND DIVISION,15,LINGGA,PANAS,ABG. ZEN BIN ABDUL RAZALI,MALE,,357,WON,N
BATANG LUPAR DISTRICT COUNCIL,SECOND DIVISION,15,LINGGA,INDEPENDENT,TIANG KO SING,MALE,,153,LOST,N
BATANG LUPAR DISTRICT COUNCIL,SECOND DIVISION,16,PANTU,ALLIANCE,BUNGU ANAK KLEN,MALE,,237,WON,N
BATANG LUPAR DISTRICT COUNCIL,SECOND DIVISION,16,PANTU,INDEPENDENT,KIEW SEE TIAN,MALE,,215,LOST,N
BATANG LUPAR DISTRICT COUNCIL,SECOND DIVISION,17,TEBELU/SEBUYAU,PANAS,AWG. MORNI BIN PENGERAN JAYA,MALE,,490,WON,N
BATANG LUPAR DISTRICT COUNCIL,SECOND DIVISION,17,TEBELU/SEBUYAU,ALLIANCE,NIPAK ANAK JULING,MALE,,287,LOST,N
BATANG LUPAR DISTRICT COUNCIL,SECOND DIVISION,17,TEBELU/SEBUYAU,PANAS,TUANKU ABOLIA BIN SAID,MALE,,224,LOST,N
BATANG LUPAR DISTRICT COUNCIL,SECOND DIVISION,17,TEBELU/SEBUYAU,INDEPENDENT,SIM AH BEE,MALE,,151,LOST,N
BATANG LUPAR DISTRICT COUNCIL,SECOND DIVISION,18,TRISO/MELUDAM,PANAS,SAID AKIL BIN SALLEH,MALE,,376,WON,N
BATANG LUPAR DISTRICT COUNCIL,SECOND DIVISION,18,TRISO/MELUDAM,INDEPENDENT,EKAI BIN SANAI,MALE,,210,LOST,N
KALAKA DISTRICT COUNCIL,SECOND DIVISION,1,SARATOK TOWN,SUPP,YEO THIAM SENG,MALE,,310,WON,N
KALAKA DISTRICT COUNCIL,SECOND DIVISION,1,SARATOK TOWN,ALLIANCE,NANGA ANAK AJI,MALE,,148,LOST,N
KALAKA DISTRICT COUNCIL,SECOND DIVISION,2,SARATOK-HILIR KUPANG,ALLIANCE,SALLEH BIN SERUJI,MALE,,302,WON,N
KALAKA DISTRICT COUNCIL,SECOND DIVISION,2,SARATOK-HILIR KUPANG,PANAS,ALI BIN RAMLI,MALE,,229,LOST,N
KALAKA DISTRICT COUNCIL,SECOND DIVISION,3,SARATOK-ULU LOWER AWEK,ALLIANCE,HAJI SEPAWI BIN HAJI ADENAN,MALE,,228,WON,N
KALAKA DISTRICT COUNCIL,SECOND DIVISION,3,SARATOK-ULU LOWER AWEK,PANAS,MATJERA'EE BIN ABANG SULI,MALE,,164,LOST,N
KALAKA DISTRICT COUNCIL,SECOND DIVISION,3,SARATOK-ULU LOWER AWEK,INDEPENDENT,NGDEK ANAK LIDAM,MALE,,159,LOST,N
KALAKA DISTRICT COUNCIL,SECOND DIVISION,3,SARATOK-ULU LOWER AWEK,INDEPENDENT,OTHMAN BIN JAIS,MALE,,37,LOST,N
KALAKA DISTRICT COUNCIL,SECOND DIVISION,4,LOWER KRIAN,ALLIANCE,HAIRANI BIN HAJI LAMIN,MALE,,214,WON,N
KALAKA DISTRICT COUNCIL,SECOND DIVISION,4,LOWER KRIAN,PANAS,JULAIHI BIN HAJI BOLLAH,MALE,,157,LOST,N
KALAKA DISTRICT COUNCIL,SECOND DIVISION,5,SEBETAN,ALLIANCE,EDMUND LANGGU ANAK SAGA,MALE,,,WON,Y
KALAKA DISTRICT COUNCIL,SECOND DIVISION,6,UPPER AWEK,ALLIANCE,ILAI ANAK SEMAN,MALE,,722,WON,N
KALAKA DISTRICT COUNCIL,SECOND DIVISION,6,UPPER AWEK,SUPP,LIST ANAK BUI,MALE,,52,LOST,N
KALAKA DISTRICT COUNCIL,SECOND DIVISION,7,KABO-BABANG,ALLIANCE,KECHENDAI ANAK BRUANG,MALE,,200,WON,N
KALAKA DISTRICT COUNCIL,SECOND DIVISION,7,KABO-BABANG,INDEPENDENT,URU ANAK NGAOH,MALE,,126,LOST,N
KALAKA DISTRICT COUNCIL,SECOND DIVISION,7,KABO-BABANG,SUPP,SABAN ANAK GELEGAN,MALE,,87,LOST,N
KALAKA DISTRICT COUNCIL,SECOND DIVISION,7,KABO-BABANG,INDEPENDENT,SUJANG ANAK JUTI,MALE,,80,LOST,N
KALAKA DISTRICT COUNCIL,SECOND DIVISION,7,KABO-BABANG,INDEPENDENT,JELEMA ANAK BUI,MALE,,78,LOST,N
KALAKA DISTRICT COUNCIL,SECOND DIVISION,7,KABO-BABANG,INDEPENDENT,DRANG ANAK BLABUT,MALE,,74,LOST,N
KALAKA DISTRICT COUNCIL,SECOND DIVISION,7,KABO-BABANG,INDEPENDENT,DANA ANAK BIGOL,MALE,,57,LOST,N
KALAKA DISTRICT COUNCIL,SECOND DIVISION,8,UPPER KRIAN,ALLIANCE,RUMPANG ANAK AKIN,MALE,,633,WON,N
KALAKA DISTRICT COUNCIL,SECOND DIVISION,8,UPPER KRIAN,SUPP,BAUK ANAK BUMA,MALE,,98,LOST,N
KALAKA DISTRICT COUNCIL,SECOND DIVISION,9,MIDDLE KRIAN EAST,ALLIANCE,LINGGIH ANAK LEMAN,MALE,,392,WON,N
KALAKA DISTRICT COUNCIL,SECOND DIVISION,9,MIDDLE KRIAN EAST,INDEPENDENT,JEMENI ANAK SANGKAN,MALE,,290,LOST,N
KALAKA DISTRICT COUNCIL,SECOND DIVISION,9,MIDDLE KRIAN EAST,SUPP,JELEMIN ANAK TELAJAN,MALE,,60,LOST,N
KALAKA DISTRICT COUNCIL,SECOND DIVISION,10,MIDDLE KRIAN WEST,ALLIANCE,DUNSTAN ENDAWIE ANAK ENCHANA,MALE,27,478,WON,N
KALAKA DISTRICT COUNCIL,SECOND DIVISION,10,MIDDLE KRIAN WEST,SUPP,MEGONG ANAK BUI,MALE,,58,LOST,N
KALAKA DISTRICT COUNCIL,SECOND DIVISION,11,KABONG,PANAS,ABDILLAH BIN HAJI JA,MALE,,274,WON,N
KALAKA DISTRICT COUNCIL,SECOND DIVISION,11,KABONG,ALLIANCE,MARIP BIN HAJI BAKRI,MALE,,272,LOST,N
KALAKA DISTRICT COUNCIL,SECOND DIVISION,12,LOWER SEBLAK,PANAS,HAJI IMAN BIN PELI,MALE,,269,WON,N
KALAKA DISTRICT COUNCIL,SECOND DIVISION,12,LOWER SEBLAK,ALLIANCE,DAUD BIN AROP,MALE,,201,LOST,N
KALAKA DISTRICT COUNCIL,SECOND DIVISION,12,LOWER SEBLAK,INDEPENDENT,AWANG MOHAMAD BIN PENGIRAN BAKAR,MALE,,59,LOST,N
KALAKA DISTRICT COUNCIL,SECOND DIVISION,13,NYABOR-SESSANG,ALLIANCE,SULEIMAN BIN JOHARI,MALE,,323,WON,N
KALAKA DISTRICT COUNCIL,SECOND DIVISION,13,NYABOR-SESSANG,INDEPENDENT,SEBLI BIN RAJAK,MALE,,162,LOST,N
KALAKA DISTRICT COUNCIL,SECOND DIVISION,13,NYABOR-SESSANG,PANAS,BUJANG BIN SENAI,MALE,,56,LOST,N
KALAKA DISTRICT COUNCIL,SECOND DIVISION,14,BATANG NYABOR-GRIGAT,INDEPENDENT,LATEH ANAK RANGKING,MALE,,178,WON,N
KALAKA DISTRICT COUNCIL,SECOND DIVISION,14,BATANG NYABOR-GRIGAT,INDEPENDENT,JANTING ANAK DANG,MALE,,120,LOST,N
KALAKA DISTRICT COUNCIL,SECOND DIVISION,14,BATANG NYABOR-GRIGAT,PANAS,JAHIRI BIN JUDIN,MALE,,60,LOST,N
KALAKA DISTRICT COUNCIL,SECOND DIVISION,14,BATANG NYABOR-GRIGAT,INDEPENDENT,MAWAT ANAK RIBUN,MALE,,46,LOST,N
KALAKA DISTRICT COUNCIL,SECOND DIVISION,15,MIDDLE SEBLAK,INDEPENDENT,ANTHONY NIBONG ANAK LINGGANG,MALE,,350,WON,N
KALAKA DISTRICT COUNCIL,SECOND DIVISION,15,MIDDLE SEBLAK,ALLIANCE,LETU ANAK RANGGA,MALE,,120,LOST,N
KALAKA DISTRICT COUNCIL,SECOND DIVISION,16,UPPER SEBLAK,INDEPENDENT,MANGGIE ANAK BEDINDANG,MALE,,247,WON,N
KALAKA DISTRICT COUNCIL,SECOND DIVISION,16,UPPER SEBLAK,ALLIANCE,MUNJI ANAK ENTRIE,MALE,,168,LOST,N
KALAKA DISTRICT COUNCIL,SECOND DIVISION,17,MUDONG-IBUS,INDEPENDENT,NYIMONG ANAK BEDINDANG,MALE,,250,WON,N
KALAKA DISTRICT COUNCIL,SECOND DIVISION,17,MUDONG-IBUS,SUPP,YONG THIEN SENG,MALE,,206,LOST,N
KALAKA DISTRICT COUNCIL,SECOND DIVISION,18,ROBAN,ALLIANCE,BARAU ANAK LAMIT,MALE,,254,WON,N
KALAKA DISTRICT COUNCIL,SECOND DIVISION,18,ROBAN,ALLIANCE,LUTA ANAK NINGKAN,MALE,,179,LOST,N
LUBOK ANTU DISTRICT COUNCIL,SECOND DIVISION,1,ENGKARI,ALLIANCE,BAKAR ANAK KUYAH,MALE,,,WON,Y
LUBOK ANTU DISTRICT COUNCIL,SECOND DIVISION,2,ULU ARI ,ALLIANCE,TUTONG ANAK MAWAN,MALE,,,WON,Y
LUBOK ANTU DISTRICT COUNCIL,SECOND DIVISION,3,DELOK,ALLIANCE,PENGHULU UKOK ANAK MAWAN,MALE,,,WON,Y
LUBOK ANTU DISTRICT COUNCIL,SECOND DIVISION,4,NANGA ENGKARI,ALLIANCE,JABEH ANAK MAN,MALE,,,WON,Y
LUBOK ANTU DISTRICT COUNCIL,SECOND DIVISION,5,UPPER LUBOK ANTU,ALLIANCE,PENGHULU MANAU ANAK BAGI,MALE,,,WON,Y
LUBOK ANTU DISTRICT COUNCIL,SECOND DIVISION,6,LUBOK ANTU,ALLIANCE,BUDA ANAK ULAN,MALE,,231,WON,N
LUBOK ANTU DISTRICT COUNCIL,SECOND DIVISION,6,LUBOK ANTU,INDEPENDENT,TAY CHO SOK,MALE,,36,LOST,N
LUBOK ANTU DISTRICT COUNCIL,SECOND DIVISION,7,BATANG AI RIGHT BANK,INDEPENDENT,SAKAI ANAK NYANDANG,MALE,,193,WON,N
LUBOK ANTU DISTRICT COUNCIL,SECOND DIVISION,8,BATANG AI LEFT BANK,ALLIANCE,LUYOH ANAK MUNDU,MALE,,243,WON,N
LUBOK ANTU DISTRICT COUNCIL,SECOND DIVISION,8,BATANG AI LEFT BANK,SUPP,STA ANAK NANANG,MALE,,163,LOST,N
LUBOK ANTU DISTRICT COUNCIL,SECOND DIVISION,8,BATANG AI LEFT BANK,INDEPENDENT,BUNAL ANAK AWAN,MALE,,132,LOST,N
LUBOK ANTU DISTRICT COUNCIL,SECOND DIVISION,8,BATANG AI LEFT BANK,INDEPENDENT,T. R. LAMAN ANAK JANGAN,MALE,,93,LOST,N
LUBOK ANTU DISTRICT COUNCIL,SECOND DIVISION,8,BATANG AI LEFT BANK,SUPP,TANJONG ANAK KANCHU,MALE,,70,LOST,N
LUBOK ANTU DISTRICT COUNCIL,SECOND DIVISION,9,UPPER ENGKILILI,SUPP,BELON ANAK UPAK,MALE,,168,WON,N
LUBOK ANTU DISTRICT COUNCIL,SECOND DIVISION,9,UPPER ENGKILILI,ALLIANCE,T. R. JINGGIE ANAK CHAIE,MALE,,109,LOST,N
LUBOK ANTU DISTRICT COUNCIL,SECOND DIVISION,9,UPPER ENGKILILI,INDEPENDENT,T. R. TANDANG ANAK PANGGAU,MALE,,20,LOST,N
LUBOK ANTU DISTRICT COUNCIL,SECOND DIVISION,10,ENGKILILI,SUPP,CHANG SWEE FOH,MALE,,304,WON,N
LUBOK ANTU DISTRICT COUNCIL,SECOND DIVISION,10,ENGKILILI,INDEPENDENT,TOH SIA HUANG,MALE,,78,LOST,N
LUBOK ANTU DISTRICT COUNCIL,SECOND DIVISION,11,LOWER ENGKILILI,SUPP,GERANG ANAK BUKONG,MALE,,244,WON,N
LUBOK ANTU DISTRICT COUNCIL,SECOND DIVISION,11,LOWER ENGKILILI,ALLIANCE,UNDONG ANAK ANSAM,MALE,,237,LOST,N
LUBOK ANTU DISTRICT COUNCIL,SECOND DIVISION,12,BATANG LUPAR,ALLIANCE,ANTANG ANAK LANGKAU,MALE,,334,WON,N
LUBOK ANTU DISTRICT COUNCIL,SECOND DIVISION,12,BATANG LUPAR,SUPP,DAGANG ANAK AWENG,MALE,,38,LOST,N
LUBOK ANTU DISTRICT COUNCIL,SECOND DIVISION,13,LOWER LEMANAK,SUPP,BAUK ANAK LANG,MALE,,216,WON,N
LUBOK ANTU DISTRICT COUNCIL,SECOND DIVISION,13,LOWER LEMANAK,ALLIANCE,RAMBU ANAK LANTING,MALE,,182,LOST,N
LUBOK ANTU DISTRICT COUNCIL,SECOND DIVISION,14,MIDDLE LEMANAK,ALLIANCE,CHUAT @ SALI KANYAN,MALE,,145,WON,N
LUBOK ANTU DISTRICT COUNCIL,SECOND DIVISION,14,MIDDLE LEMANAK,SUPP,SELI ANAK BUSANG,MALE,,142,LOST,N
LUBOK ANTU DISTRICT COUNCIL,SECOND DIVISION,14,MIDDLE LEMANAK,INDEPENDENT,KUA SIANG YONG,MALE,,7,LOST DEPOSIT,N
LUBOK ANTU DISTRICT COUNCIL,SECOND DIVISION,15,ULU LEMANAK,INDEPENDENT,T. R. CHABU ANAK KANYAN,MALE,,,WON,Y
SARIBAS DISTRICT COUNCIL,SECOND DIVISION,1,BELADIN,PANAS,BONCHOI BIN SEDEK,MALE,,317,WON,N
SARIBAS DISTRICT COUNCIL,SECOND DIVISION,1,BELADIN,PANAS,NARUDIN BIN YUSOF,MALE,,57,LOST,N
SARIBAS DISTRICT COUNCIL,SECOND DIVISION,2,MANGGUT,PANAS,AYUP BIN YAHYA,MALE,,,WON,Y
SARIBAS DISTRICT COUNCIL,SECOND DIVISION,3,TUI,PANAS,AWG. BESAR BIN AWG. MELUDIN,MALE,,343,WON,N
SARIBAS DISTRICT COUNCIL,SECOND DIVISION,3,TUI,ALLIANCE,SELINGGAU ANAK LANFIAT,MALE,,149,LOST,N
SARIBAS DISTRICT COUNCIL,SECOND DIVISION,4,UPPER PUSA,PANAS,AHMAD BIN HJ. SHAFI'E,MALE,,391,WON,N
SARIBAS DISTRICT COUNCIL,SECOND DIVISION,4,UPPER PUSA,ALLIANCE,SIPANG ANAK LANCHANG,MALE,,153,LOST,N
SARIBAS DISTRICT COUNCIL,SECOND DIVISION,5,MIDDLE RIMBAS,ALLIANCE,MICHAEL RAJAU ANAK ANGKAU,MALE,,,WON,Y
SARIBAS DISTRICT COUNCIL,SECOND DIVISION,6,UPPER RIMBAS,ALLIANCE,JOCELYN BEDURU ANAK MAKOP,MALE,,214,WON,N
SARIBAS DISTRICT COUNCIL,SECOND DIVISION,6,UPPER RIMBAS,INDEPENDENT,PENGHULU HENRY GANJA,MALE,,193,LOST,N
SARIBAS DISTRICT COUNCIL,SECOND DIVISION,7,LOWER RIMBAS,ALLIANCE,LANGGI ANAK JILAP,MALE,,269,WON,N
SARIBAS DISTRICT COUNCIL,SECOND DIVISION,7,LOWER RIMBAS,INDEPENDENT,ALI BIN YAK,MALE,,185,LOST,N
SARIBAS DISTRICT COUNCIL,SECOND DIVISION,8,BUNGIN,PANAS,HJ. DERIS BIN HJ. SALLEH,MALE,,338,WON,N
SARIBAS DISTRICT COUNCIL,SECOND DIVISION,8,BUNGIN,INDEPENDENT,SU'UT BIN APIL,MALE,,180,LOST,N
SARIBAS DISTRICT COUNCIL,SECOND DIVISION,8,BUNGIN,INDEPENDENT,CHEK BIN HJ. HASSAN,MALE,,78,LOST,N
SARIBAS DISTRICT COUNCIL,SECOND DIVISION,9,SPAOH,SUPP,WONG KWO CHIN,MALE,,,WON,Y
SARIBAS DISTRICT COUNCIL,SECOND DIVISION,10,LOWER PAKU,ALLIANCE,LAILI BIN MERJAN,MALE,,151,WON,N
SARIBAS DISTRICT COUNCIL,SECOND DIVISION,10,LOWER PAKU,INDEPENDENT,ABG. HASSAN BIN ABG. WI,MALE,,135,LOST,N
SARIBAS DISTRICT COUNCIL,SECOND DIVISION,10,LOWER PAKU,PANAS,ABG. MOHAMMED BIN ABG. ANDING,MALE,,94,LOST,N
SARIBAS DISTRICT COUNCIL,SECOND DIVISION,11,MIDDLE PAKU,ALLIANCE,PENGHULU NYELABONG ANAK LIBU,MALE,,331,WON,N
SARIBAS DISTRICT COUNCIL,SECOND DIVISION,11,MIDDLE PAKU,INDEPENDENT,MATTHEW DANA ANAK UJAI,MALE,,141,LOST,N
SARIBAS DISTRICT COUNCIL,SECOND DIVISION,11,MIDDLE PAKU,INDEPENDENT,ANDREW MARA ANAK UNJAH,MALE,,194,LOST,N
SARIBAS DISTRICT COUNCIL,SECOND DIVISION,12,UPPER PAKU,ALLIANCE,KADAM ANAK KIAI,MALE,,369,WON,N
SARIBAS DISTRICT COUNCIL,SECOND DIVISION,12,UPPER PAKU,INDEPENDENT,PENGHULU SANGGAT ANAK UYUT,MALE,,151,LOST,N
SARIBAS DISTRICT COUNCIL,SECOND DIVISION,13,BETONG BAZAAR,SUPP,HENG TAI TECK,MALE,,218,WON,N
SARIBAS DISTRICT COUNCIL,SECOND DIVISION,13,BETONG BAZAAR,ALLIANCE,YEO CHENG SIANG,MALE,,30,LOST,N
SARIBAS DISTRICT COUNCIL,SECOND DIVISION,14,LOWER BETONG,INDEPENDENT,ABG. ABDUL KARIM BIN ABG. HASSAN,MALE,,139,WON,N
SARIBAS DISTRICT COUNCIL,SECOND DIVISION,14,LOWER BETONG,PANAS,ABG. ROSLI BIN ABG. AHMAD,MALE,,136,LOST,N
SARIBAS DISTRICT COUNCIL,SECOND DIVISION,15,UPPER BETONG,ALLIANCE,STEPHEN KALONG NINGKAN,MALE,43,532,WON,N
SARIBAS DISTRICT COUNCIL,SECOND DIVISION,15,UPPER BETONG,INDEPENDENT,PENGARAH MONTEGRAI ANAK TUGANG,MALE,,323,LOST,N
SARIBAS DISTRICT COUNCIL,SECOND DIVISION,16,PADEH/LOWER LAYAR,ALLIANCE,PENGHULU DANIEL BARAN BROOKE,MALE,,506,WON,N
SARIBAS DISTRICT COUNCIL,SECOND DIVISION,16,PADEH/LOWER LAYAR,SUPP,GANDIK ANAK NYANGGAU,MALE,,175,LOST,N
SARIBAS DISTRICT COUNCIL,SECOND DIVISION,16,PADEH/LOWER LAYAR,INDEPENDENT,EDWARD NANANG,MALE,,163,LOST,N
SARIBAS DISTRICT COUNCIL,SECOND DIVISION,17,MIDDLE LAYAR/LOWER SPAK,ALLIANCE,JABING ANAK EMPALING,MALE,,351,WON,N
SARIBAS DISTRICT COUNCIL,SECOND DIVISION,17,MIDDLE LAYAR/LOWER SPAK,INDEPENDENT,LABA ANAK RIMONG,MALE,,279,LOST,N
SARIBAS DISTRICT COUNCIL,SECOND DIVISION,18,UPPER LAYAR/UPPER SPAK,INDEPENDENT,PENGHULU NANANG ANAK SUDOK,MALE,,253,WON,N
SARIBAS DISTRICT COUNCIL,SECOND DIVISION,18,UPPER LAYAR/UPPER SPAK,ALLIANCE,JAPOK ANAK GALAYAN,MALE,,235,LOST,N
SARIBAS DISTRICT COUNCIL,SECOND DIVISION,18,UPPER LAYAR/UPPER SPAK,INDEPENDENT,BERIAK ANAK ANGKING,MALE,,33,LOST,N
SARIBAS DISTRICT COUNCIL,SECOND DIVISION,19,PUSA,PANAS,HJ. HAMSAWI BIN HJ. OMAR,MALE,,,WON,Y
SARIBAS DISTRICT COUNCIL,SECOND DIVISION,20,DEBAK,PANAS,KIHOK BIN AMAT,MALE,,360,WON,N
SARIBAS DISTRICT COUNCIL,SECOND DIVISION,20,DEBAK,INDEPENDENT,STEPHEN CHONG KAI HONG,MALE,,194,LOST,N
BINATANG DSTRICT COUNCIL,THIRD DIVISION,1,SEMAH,ALLIANCE,SANDOM ANAK NYUAK,MALE,,208,WON,N
BINATANG DSTRICT COUNCIL,THIRD DIVISION,1,SEMAH,PANAS,JARAIE BIN JA'AFAR,MALE,,104,LOST,N
BINATANG DSTRICT COUNCIL,THIRD DIVISION,2,SERDENG,ALLIANCE,MUDA BIN HAJI YUSOF,MALE,,,WON,Y
BINATANG DSTRICT COUNCIL,THIRD DIVISION,3,MUPONG,ALLIANCE,RENGGI ANAK BANDAN,MALE,,302,WON,N
BINATANG DSTRICT COUNCIL,THIRD DIVISION,3,MUPONG,SUPP,NYANDANG ANAK LINANG,MALE,,113,LOST,N
BINATANG DSTRICT COUNCIL,THIRD DIVISION,4,PULAU BUNUT,SUPP,CHIU MING TONG,MALE,,230,WON,N
BINATANG DSTRICT COUNCIL,THIRD DIVISION,4,PULAU BUNUT,ALLIANCE,LAU PANG ING,MALE,,173,LOST,N
BINATANG DSTRICT COUNCIL,THIRD DIVISION,4,PULAU BUNUT,INDEPENDENT,J. LEGAK ANAK SEMAN,MALE,,140,LOST,N
BINATANG DSTRICT COUNCIL,THIRD DIVISION,5,REJANG,ALLIANCE,BRANDAH ANAK MALENG,MALE,,147,WON,N
BINATANG DSTRICT COUNCIL,THIRD DIVISION,5,REJANG,INDEPENDENT,LEMAH ANAK SAING,FEMALE,,141,LOST,N
BINATANG DSTRICT COUNCIL,THIRD DIVISION,5,REJANG,SUPP,PAU ANAK JAMIT,MALE,,105,LOST,N
BINATANG DSTRICT COUNCIL,THIRD DIVISION,6,MERADONG,INDEPENDENT,JIMBAT ANAK INTAN,MALE,,222,WON,N
BINATANG DSTRICT COUNCIL,THIRD DIVISION,6,MERADONG,SUPP,TANG TUNG WENG,MALE,,63,LOST,N
BINATANG DSTRICT COUNCIL,THIRD DIVISION,6,MERADONG,ALLIANCE,ANTAS ANAK PENGIRAN,MALE,,25,LOST,N
BINATANG DSTRICT COUNCIL,THIRD DIVISION,6,MERADONG,SUPP,LING CHIONG PING,MALE,,17,LOST,N
BINATANG DSTRICT COUNCIL,THIRD DIVISION,7,ULU BINATANG,ALLIANCE,ENSALI ANAK AJAH,MALE,,213,WON,N
BINATANG DSTRICT COUNCIL,THIRD DIVISION,7,ULU BINATANG,SUPP,CHIENG HAW SING,MALE,,203,LOST,N
BINATANG DSTRICT COUNCIL,THIRD DIVISION,7,ULU BINATANG,INDEPENDENT,BUNSU ANAK TUNGKAT,MALE,,127,LOST,N
BINATANG DSTRICT COUNCIL,THIRD DIVISION,7,ULU BINATANG,INDEPENDENT,LAU NGIIK CHEONG,MALE,,17,LOST DEPOSIT,N
BINATANG DSTRICT COUNCIL,THIRD DIVISION,8,MADOR,ALLIANCE,BOON ANAK UNDI,MALE,,270,WON,N
BINATANG DSTRICT COUNCIL,THIRD DIVISION,8,MADOR,INDEPENDENT,LEE BOON CHIANG,MALE,,94,LOST,N
BINATANG DSTRICT COUNCIL,THIRD DIVISION,9,KERTONG,SUPP,TIANG SION KWONG,MALE,,375,WON,N
BINATANG DSTRICT COUNCIL,THIRD DIVISION,9,KERTONG,INDEPENDENT,TING YEW LEH,MALE,,106,LOST,N
BINATANG DSTRICT COUNCIL,THIRD DIVISION,10,TULAI ,SUPP,WONG KA MING,MALE,,266,WON,N
BINATANG DSTRICT COUNCIL,THIRD DIVISION,10,TULAI ,INDEPENDENT,WONG SONG ING,MALE,,117,LOST,N
BINATANG DSTRICT COUNCIL,THIRD DIVISION,11,NARASIT,SUPP,WONG TING TUONG,MALE,,435,WON,N
BINATANG DSTRICT COUNCIL,THIRD DIVISION,11,NARASIT,INDEPENDENT,SIA KIE TUH,MALE,,31,LOST,N
BINATANG DSTRICT COUNCIL,THIRD DIVISION,12,BINATANG EAST,SUPP,TIONG SIU KING,MALE,,182,WON,N
BINATANG DSTRICT COUNCIL,THIRD DIVISION,12,BINATANG EAST,INDEPENDENT,TENG TUN HSIN,MALE,,94,LOST,N
BINATANG DSTRICT COUNCIL,THIRD DIVISION,12,BINATANG EAST,ALLIANCE,LING CHO YU,MALE,,78,LOST,N
BINATANG DSTRICT COUNCIL,THIRD DIVISION,13,BINATANG WEST,ALLIANCE,ABG. HJ. AMIR BIN ABG. HJ. KADIR,MALE,,244,WON,N
BINATANG DSTRICT COUNCIL,THIRD DIVISION,13,BINATANG WEST,PANAS,ABG. @ BADARUDIN BIN BAKAR,MALE,,186,LOST,N
BINATANG DSTRICT COUNCIL,THIRD DIVISION,14,KELUPU,SUPP,LU HUAT TAIH,MALE,,433,WON,N
BINATANG DSTRICT COUNCIL,THIRD DIVISION,14,KELUPU,ALLIANCE,CHAN PAK HUI,MALE,,188,LOST,N
BINATANG DSTRICT COUNCIL,THIRD DIVISION,15,KEMANTAN,SUPP,CHIENG SIE KWONG,MALE,,241,WON,N
BINATANG DSTRICT COUNCIL,THIRD DIVISION,15,KEMANTAN,INDEPENDENT,HA MEE LEE,MALE,,23,LOST,N
KANOWIT DISTRICT COUNCIL,THIRD DIVISION,1,ULU JULAU,ALLIANCE,JANA ANAK CHOH,MALE,,,WON,Y
KANOWIT DISTRICT COUNCIL,THIRD DIVISION,2,WAK,ALLIANCE,JIMBAT ANAK BELULOK,MALE,,,WON,Y
KANOWIT DISTRICT COUNCIL,THIRD DIVISION,3,PAKAN,INDEPENDENT,JALAK ANAK SAGA,MALE,,433,WON,N
KANOWIT DISTRICT COUNCIL,THIRD DIVISION,3,PAKAN,INDEPENDENT,DANGGAT ANAK NGUMBANG,MALE,,227,LOST,N
KANOWIT DISTRICT COUNCIL,THIRD DIVISION,4,LEMUJAN/SUGAI,INDEPENDENT,ARIS ANAK BANA,MALE,,382,WON,N
KANOWIT DISTRICT COUNCIL,THIRD DIVISION,4,LEMUJAN/SUGAI,INDEPENDENT,BILI ANAK RENANG,MALE,,231,LOST,N
KANOWIT DISTRICT COUNCIL,THIRD DIVISION,4,LEMUJAN/SUGAI,INDEPENDENT,PENGHULU LIMAN,MALE,,356,LOST,N
KANOWIT DISTRICT COUNCIL,THIRD DIVISION,5,LOWER JULAU,INDEPENDENT,JAWI ANAK SABAN,MALE,,747,WON,N
KANOWIT DISTRICT COUNCIL,THIRD DIVISION,5,LOWER JULAU,INDEPENDENT,EMPALING ANAK IMONG,MALE,,116,LOST,N
KANOWIT DISTRICT COUNCIL,THIRD DIVISION,6,RAYAH,ALLIANCE,PENGARAH BANYANG,MALE,,628,WON,N
KANOWIT DISTRICT COUNCIL,THIRD DIVISION,6,RAYAH,SUPP,UMPI ANAK JUING,MALE,,121,LOST,N
KANOWIT DISTRICT COUNCIL,THIRD DIVISION,7,MELUAN,ALLIANCE,PENGHULU TEDONG,MALE,,608,WON,N
KANOWIT DISTRICT COUNCIL,THIRD DIVISION,7,MELUAN,INDEPENDENT,KONG HUI HENG,MALE,,42,LOST,N
KANOWIT DISTRICT COUNCIL,THIRD DIVISION,8,ULU KANOWIT,ALLIANCE,KABA ANAK UKIT,MALE,,,WON,Y
KANOWIT DISTRICT COUNCIL,THIRD DIVISION,9,ULU ENTABAI,ALLIANCE,GUANG ANAK JANAM,MALE,,,WON,Y
KANOWIT DISTRICT COUNCIL,THIRD DIVISION,10,LOWER ENTABAI,ALLIANCE,GANI ANAK DAGANG,MALE,,658,WON,N
KANOWIT DISTRICT COUNCIL,THIRD DIVISION,10,LOWER ENTABAI,SUPP,GALOT ANAK GALAYAN,MALE,,84,LOST,N
KANOWIT DISTRICT COUNCIL,THIRD DIVISION,11,ULU NGEMAH,ALLIANCE,PENGHULU MASAM,MALE,,,WON,Y
KANOWIT DISTRICT COUNCIL,THIRD DIVISION,12,LOWER NGEMAH,ALLIANCE,PENGHULU AJOT ANAK MAGAI,MALE,,,WON,Y
KANOWIT DISTRICT COUNCIL,THIRD DIVISION,13,KABAH/MAPAI,ALLIANCE,ANDREW SIPOK,MALE,,563,WON,N
KANOWIT DISTRICT COUNCIL,THIRD DIVISION,13,KABAH/MAPAI,SUPP,NAGA ANAK DEMONG,MALE,,45,LOST,N
KANOWIT DISTRICT COUNCIL,THIRD DIVISION,14,BATANG REJANG,INDEPENDENT,RANGGAR ANAK SANGGAU,MALE,,463,WON,N
KANOWIT DISTRICT COUNCIL,THIRD DIVISION,14,BATANG REJANG,SUPP,BALAI ANAK NUING,MALE,,349,LOST,N
KANOWIT DISTRICT COUNCIL,THIRD DIVISION,14,BATANG REJANG,INDEPENDENT,LIAS ANAK KANA,MALE,,14,LOST DEPOSIT,N
KANOWIT DISTRICT COUNCIL,THIRD DIVISION,15,ULU POI,ALLIANCE,GUNTOR ANAK BANA,MALE,,,WON,Y
KANOWIT DISTRICT COUNCIL,THIRD DIVISION,16,LOWER POI,ALLIANCE,JOSEPH UNTING ANAK UMANG,MALE,,386,WON,N
KANOWIT DISTRICT COUNCIL,THIRD DIVISION,16,LOWER POI,INDEPENDENT,GALAH ANAK UBONG,MALE,,115,LOST,N
KANOWIT DISTRICT COUNCIL,THIRD DIVISION,16,LOWER POI,INDEPENDENT,RENANG ANAK UBONG,MALE,,46,LOST,N
KANOWIT DISTRICT COUNCIL,THIRD DIVISION,17,MACHAN,ALLIANCE,NAGGAI ANAK BALA,MALE,,817,WON,N
KANOWIT DISTRICT COUNCIL,THIRD DIVISION,17,MACHAN,INDEPENDENT,LING KIONG KING,MALE,,58,LOST,N
KANOWIT DISTRICT COUNCIL,THIRD DIVISION,18,LOWER KANOWIT,ALLIANCE,PENGHULU FRANCIS UMPAU,MALE,,505,WON,N
KANOWIT DISTRICT COUNCIL,THIRD DIVISION,18,LOWER KANOWIT,SUPP,BAYANG ANAK JAROP,MALE,,24,LOST DEPOSIT,N
KANOWIT DISTRICT COUNCIL,THIRD DIVISION,19,RANAN/MAJAU,ALLIANCE,BUJANG ANAK MANJA,MALE,,729,WON,N
KANOWIT DISTRICT COUNCIL,THIRD DIVISION,19,RANAN/MAJAU,SUPP,INTAI ANAK JABOK,MALE,,151,LOST,N
KANOWIT DISTRICT COUNCIL,THIRD DIVISION,19,RANAN/MAJAU,PANAS,MOHD. RAPAEE BIN MAHLI,MALE,,1,LOST DEPOSIT,N
KANOWIT DISTRICT COUNCIL,THIRD DIVISION,20,KANOWIT TOWN,INDEPENDENT,LEE GHIN CHENG,MALE,,325,WON,N
KANOWIT DISTRICT COUNCIL,THIRD DIVISION,20,KANOWIT TOWN,INDEPENDENT,AWG. SHAMSHUDIN,MALE,,71,LOST,N
KANOWIT DISTRICT COUNCIL,THIRD DIVISION,21,JULAU MIXED ZONE,SUPP,LAU NAI CHO,MALE,,131,WON,N
KANOWIT DISTRICT COUNCIL,THIRD DIVISION,21,JULAU MIXED ZONE,INDEPENDENT,WONG SIE TIONG,MALE,,37,LOST,N
KANOWIT DISTRICT COUNCIL,THIRD DIVISION,22,BAWAN/TUAH,ALLIANCE,MATTHEW ANAK SIMON,MALE,,,WON,Y
KANOWIT DISTRICT COUNCIL,THIRD DIVISION,23,JIH/PEDAI,SUPP,PETER FUNG SENG CHUNG,MALE,,266,WON,N
KANOWIT DISTRICT COUNCIL,THIRD DIVISION,23,JIH/PEDAI,INDEPENDENT,LAYANG ANAK LIUM,MALE,,209,LOST,N
KANOWIT DISTRICT COUNCIL,THIRD DIVISION,24,LUKUT,SUPP,KONG FOH KIM,MALE,,,WON,Y
KAPIT DISTRICT COUNCIL,THIRD DIVISION,1,KAPIT TOWN,ALLIANCE,SNG CHIN JOO,MALE,,299,WON,N
KAPIT DISTRICT COUNCIL,THIRD DIVISION,1,KAPIT TOWN,SUPP,NAWI BIN DAUD,MALE,,272,LOST,N
KAPIT DISTRICT COUNCIL,THIRD DIVISION,2,MERIRAI,ALLIANCE,"TEMENGGONG JUGAH ANAK BARIENG, O.B.E.",MALE,60,727,WON,N
KAPIT DISTRICT COUNCIL,THIRD DIVISION,2,MERIRAI,SUPP,T. R. NYALA ANAK SEKAU,MALE,,278,LOST,N
KAPIT DISTRICT COUNCIL,THIRD DIVISION,3,GA'AT,ALLIANCE,PENGHULU KUMBONG ANAK GRINANG,MALE,,1019,WON,N
KAPIT DISTRICT COUNCIL,THIRD DIVISION,3,GA'AT,SUPP,AYOM ANAK SIGAI,MALE,,158,LOST,N
KAPIT DISTRICT COUNCIL,THIRD DIVISION,4,MELINAU,ALLIANCE,PENGARAH SIBAT ANAK SEMADA,MALE,,683,WON,N
KAPIT DISTRICT COUNCIL,THIRD DIVISION,4,MELINAU,SUPP,KULLEH ANAK SEMADA,MALE,,263,LOST,N
KAPIT DISTRICT COUNCIL,THIRD DIVISION,4,MELINAU,INDEPENDENT,MASING ANAK LASAH,MALE,,178,LOST,N
KAPIT DISTRICT COUNCIL,THIRD DIVISION,5,MUJONG,ALLIANCE,PENGHULU SILO ANAK JANTING,MALE,,516,WON,N
KAPIT DISTRICT COUNCIL,THIRD DIVISION,5,MUJONG,INDEPENDENT,SIBAT MIOT ANAK TAGONG,MALE,,325,LOST,N
KAPIT DISTRICT COUNCIL,THIRD DIVISION,5,MUJONG,SUPP,E. R. TUNGKU ANAK EJIK,MALE,,210,LOST,N
KAPIT DISTRICT COUNCIL,THIRD DIVISION,6,SUT,ALLIANCE,PENGHULU JINGGUT ANAK ATTAN,MALE,,952,WON,N
KAPIT DISTRICT COUNCIL,THIRD DIVISION,6,SUT,SUPP,LUYOH ANAK RABONG,MALE,,159,LOST,N
KAPIT DISTRICT COUNCIL,THIRD DIVISION,6,SUT,SUPP,T. R. ENTAP ANAK JENAU,MALE,,147,LOST,N
KAPIT DISTRICT COUNCIL,THIRD DIVISION,7,PELAGUS,ALLIANCE,T. R. ISOP ANAK UKAR,MALE,,280,WON,N
KAPIT DISTRICT COUNCIL,THIRD DIVISION,7,PELAGUS,INDEPENDENT,SIBA ANAK BUNSI,MALE,,174,LOST,N
KAPIT DISTRICT COUNCIL,THIRD DIVISION,8,MERIT,ALLIANCE,T. R. LANGAK ANAK SEBAU,MALE,,,WON,Y
KAPIT DISTRICT COUNCIL,THIRD DIVISION,9,AMANG,ALLIANCE,PENGHULU KULLEH ANAK JINGGA,MALE,,1039,WON,N
KAPIT DISTRICT COUNCIL,THIRD DIVISION,9,AMANG,INDEPENDENT,T. R. FRANCIS ANAK NYUAK,MALE,,524,LOST,N
KAPIT DISTRICT COUNCIL,THIRD DIVISION,9,AMANG,SUPP,KANDAU ANAK NANANG,MALE,,302,LOST,N
KAPIT DISTRICT COUNCIL,THIRD DIVISION,10,SONG TOWN,ALLIANCE,LING CHAI TOH,MALE,,98,WON,N
KAPIT DISTRICT COUNCIL,THIRD DIVISION,10,SONG TOWN,SUPP,ONG GHIN KIOK,FEMALE,,89,LOST,N
KAPIT DISTRICT COUNCIL,THIRD DIVISION,11,LOWER KATIBAS,ALLIANCE,PENGHULU JUGAH ANAK LAPEK,MALE,,469,WON,N
KAPIT DISTRICT COUNCIL,THIRD DIVISION,11,LOWER KATIBAS,SUPP,IKAU ANAK NINGKAN,MALE,,303,LOST,N
KAPIT DISTRICT COUNCIL,THIRD DIVISION,12,TEKALIT,ALLIANCE,NGELAYANG ANAK IMBA,MALE,,,WON,Y
KAPIT DISTRICT COUNCIL,THIRD DIVISION,13,BANGKIT ,ALLIANCE,BEDALI ANAK DIAN,MALE,,509,WON,N
KAPIT DISTRICT COUNCIL,THIRD DIVISION,13,BANGKIT ,INDEPENDENT,GELAU ANAK PENGHULU MASAM,MALE,,322,LOST,N
KAPIT DISTRICT COUNCIL,THIRD DIVISION,14,SEBULOH ,ALLIANCE,ABIT ANAK ANGKIN,MALE,,,WON,Y
KAPIT DISTRICT COUNCIL,THIRD DIVISION,15,UPPER KATIBAS,ALLIANCE,PENGHULU MANGGAI ANAK LAJANG,MALE,,515,WON,N
KAPIT DISTRICT COUNCIL,THIRD DIVISION,15,UPPER KATIBAS,SUPP,KUJAU ANAK BLAJA,MALE,,345,LOST,N
KAPIT DISTRICT COUNCIL,THIRD DIVISION,16,BELAGA,ALLIANCE,PENGHULU MATU PUSO,MALE,,863,WON,N
KAPIT DISTRICT COUNCIL,THIRD DIVISION,16,BELAGA,INDEPENDENT,LASAH ABUN UMA KEJAMAN,MALE,,13,LOST DEPOSIT,N
KAPIT DISTRICT COUNCIL,THIRD DIVISION,16,BELAGA,INDEPENDENT,NYIPA BATO,MALE,27,414,LOST,N
KAPIT DISTRICT COUNCIL,THIRD DIVISION,17,BALUI,ALLIANCE,TAJANG LAENG,MALE,25,655,WON,N
KAPIT DISTRICT COUNCIL,THIRD DIVISION,17,BALUI,SUPP,LISUT ABOK,MALE,,378,LOST,N
MATU/DARO DISTRICT COUNCIL ,THIRD DIVISION,1,MATU BAZAAR,SUPP,LIM SEK CHONG,MALE,,,WON,Y
MATU/DARO DISTRICT COUNCIL ,THIRD DIVISION,2,AKG. SEKA'AN BESAR,INDEPENDENT,ABANG ABDULRANI BIN ABG. ADENG,MALE,,202,WON,N
MATU/DARO DISTRICT COUNCIL ,THIRD DIVISION,2,AKG. SEKA'AN BESAR,ALLIANCE,UJIL BIN TUGOK,MALE,,171,LOST,N
MATU/DARO DISTRICT COUNCIL ,THIRD DIVISION,3,SOK,ALLIANCE,AWANG HIPNI BIN PENGIRAN ANNU,MALE,,,WON,Y
MATU/DARO DISTRICT COUNCIL ,THIRD DIVISION,4,JAMORENG,ALLIANCE,HJ. BOHARI BIN HJ. TAHA,MALE,,114,WON,N
MATU/DARO DISTRICT COUNCIL ,THIRD DIVISION,4,JAMORENG,INDEPENDENT,GEORGE BIN HJ. DRAHMAN,MALE,,89,LOST,N
MATU/DARO DISTRICT COUNCIL ,THIRD DIVISION,5,BAWANG,ALLIANCE,PLIAN BIN ABAS,MALE,,195,WON,N
MATU/DARO DISTRICT COUNCIL ,THIRD DIVISION,5,BAWANG,INDEPENDENT,DOLHAN BIN HASSAN,MALE,,177,LOST,N
MATU/DARO DISTRICT COUNCIL ,THIRD DIVISION,6,TIAN,INDEPENDENT,HJ. MAHSEN BIN HJ. LAISARI,MALE,,263,WON,N
MATU/DARO DISTRICT COUNCIL ,THIRD DIVISION,6,TIAN,ALLIANCE,HJ. HASHIM BIN ISO,MALE,,141,LOST,N
MATU/DARO DISTRICT COUNCIL ,THIRD DIVISION,7,KUALA MATU,ALLIANCE,JUNGKONG BIN AMIN,MALE,,,WON,Y
MATU/DARO DISTRICT COUNCIL ,THIRD DIVISION,8,LEMANG PEH,ALLIANCE,BERAWI BIN BABIL,MALE,,,WON,Y
MATU/DARO DISTRICT COUNCIL ,THIRD DIVISION,9,DARO,INDEPENDENT,K. A. YAHYA BIN TAMBI GANI,MALE,,,WON,Y
MATU/DARO DISTRICT COUNCIL ,THIRD DIVISION,10,DARO BAZAAR,INDEPENDENT,SIM SEK GHEE,MALE,,51,WON,N
MATU/DARO DISTRICT COUNCIL ,THIRD DIVISION,10,DARO BAZAAR,INDEPENDENT,TIANG KUONG HUAT,MALE,,41,LOST,N
MATU/DARO DISTRICT COUNCIL ,THIRD DIVISION,10,DARO BAZAAR,INDEPENDENT,TANG NGIE SIONG,MALE,,40,LOST,N
MATU/DARO DISTRICT COUNCIL ,THIRD DIVISION,11,SAAI,ALLIANCE,MOHAMAD BIN HASSAN,MALE,,218,WON,N
MATU/DARO DISTRICT COUNCIL ,THIRD DIVISION,11,SAAI,INDEPENDENT,YAHYA BIN ABDULRAHIM,MALE,,108,LOST,N
MATU/DARO DISTRICT COUNCIL ,THIRD DIVISION,11,SAAI,INDEPENDENT,ABDULRAHMAN BIN HJ. KASSIM,MALE,,53,LOST,N
MATU/DARO DISTRICT COUNCIL ,THIRD DIVISION,12,TEKAJONG,INDEPENDENT,BAKERAN BIN BAKRI,MALE,,,WON,Y
MATU/DARO DISTRICT COUNCIL ,THIRD DIVISION,13,BRUIT,ALLIANCE,HJ. RAZALI BIN HJ. REDUAN,MALE,,116,WON,N
MATU/DARO DISTRICT COUNCIL ,THIRD DIVISION,13,BRUIT,INDEPENDENT,AWANG ABOL BIN AWANG SAHARI,MALE,,111,LOST,N
MUKAH DISTRICT COUNCIL,THIRD DIVISION,1,MUKAH TOWN,INDEPENDENT,WEE LAM HAI,MALE,,238,WON,N
MUKAH DISTRICT COUNCIL,THIRD DIVISION,1,MUKAH TOWN,INDEPENDENT,GOH JOCK LING,MALE,,156,LOST,N
MUKAH DISTRICT COUNCIL,THIRD DIVISION,2,TILIAN/TUTUS HILIR/BEDANGA,INDEPENDENT,EDWARD BIN KADIR,MALE,,476,WON,N
MUKAH DISTRICT COUNCIL,THIRD DIVISION,2,TILIAN/TUTUS HILIR/BEDANGA,INDEPENDENT,DAU BIN LIAM,MALE,,162,LOST,N
MUKAH DISTRICT COUNCIL,THIRD DIVISION,2,TILIAN/TUTUS HILIR/BEDANGA,INDEPENDENT,PUKOK BIN MERATIM,MALE,,123,LOST,N
MUKAH DISTRICT COUNCIL,THIRD DIVISION,3,PETANAK/PETIAN/JUDAN/KUALA LAMA/PENAKOP HILIR,INDEPENDENT,MOHD FAUZI BIN HAMDANI,MALE,,449,WON,N
MUKAH DISTRICT COUNCIL,THIRD DIVISION,3,PETANAK/PETIAN/JUDAN/KUALA LAMA/PENAKOP HILIR,INDEPENDENT,RAMLEE BIN TITUN,MALE,,127,LOST,N
MUKAH DISTRICT COUNCIL,THIRD DIVISION,3,PETANAK/PETIAN/JUDAN/KUALA LAMA/PENAKOP HILIR,INDEPENDENT,PRIN BIN KASANG,MALE,,116,LOST,N
MUKAH DISTRICT COUNCIL,THIRD DIVISION,4,LITONG/BUNUT/ALO/TUTUS ULU/JEBUNGAN/TEGA,INDEPENDENT,MOHAMED NOH BIN HAMDAN,MALE,,370,WON,N
MUKAH DISTRICT COUNCIL,THIRD DIVISION,4,LITONG/BUNUT/ALO/TUTUS ULU/JEBUNGAN/TEGA,INDEPENDENT,MUNAN BIN BUJANG,MALE,,196,LOST,N
MUKAH DISTRICT COUNCIL,THIRD DIVISION,5,PENAKOP ULU/SESOK/TEH TABO/SAU/SKOYAN/KENYANA,INDEPENDENT,IPOK BIN ANI,MALE,,397,WON,N
MUKAH DISTRICT COUNCIL,THIRD DIVISION,5,PENAKOP ULU/SESOK/TEH TABO/SAU/SKOYAN/KENYANA,INDEPENDENT,AMPENG ANAK BALINGAN,MALE,,109,LOST,N
MUKAH DISTRICT COUNCIL,THIRD DIVISION,5,PENAKOP ULU/SESOK/TEH TABO/SAU/SKOYAN/KENYANA,INDEPENDENT,LING BENG TUANG,MALE,,18,LOST DEPOSIT,N
MUKAH DISTRICT COUNCIL,THIRD DIVISION,6,ULU KENYANA/PENIPAH/BEDENGAN,INDEPENDENT,TAN YONG BEE,MALE,,132,WON,N
MUKAH DISTRICT COUNCIL,THIRD DIVISION,6,ULU KENYANA/PENIPAH/BEDENGAN,INDEPENDENT,MALING ANAK AYAI,MALE,,106,LOST,N
MUKAH DISTRICT COUNCIL,THIRD DIVISION,7,BAKONG/GIGIH/SIKAT/BATANG MUKAH,INDEPENDENT,UGIL ANAK UCHONG,MALE,,319,WON,N
MUKAH DISTRICT COUNCIL,THIRD DIVISION,7,BAKONG/GIGIH/SIKAT/BATANG MUKAH,INDEPENDENT,BILLI ANAK BELITANG,MALE,,220,LOST,N
MUKAH DISTRICT COUNCIL,THIRD DIVISION,7,BAKONG/GIGIH/SIKAT/BATANG MUKAH,INDEPENDENT,WAT ANAK TINDIN,MALE,,136,LOST,N
MUKAH DISTRICT COUNCIL,THIRD DIVISION,7,BAKONG/GIGIH/SIKAT/BATANG MUKAH,INDEPENDENT,LABANG ANAK JAGO,MALE,,6,LOST DEPOSIT,N
MUKAH DISTRICT COUNCIL,THIRD DIVISION,8,SELANGAU/ULU MUKAH,INDEPENDENT,ALIH ANAK JUENG,MALE,,245,WON,N
MUKAH DISTRICT COUNCIL,THIRD DIVISION,8,SELANGAU/ULU MUKAH,INDEPENDENT,AROH ANAK NYIMBONG,MALE,,178,LOST,N
MUKAH DISTRICT COUNCIL,THIRD DIVISION,8,SELANGAU/ULU MUKAH,INDEPENDENT,AWIT ANAK KUDAN,MALE,,102,LOST,N
MUKAH DISTRICT COUNCIL,THIRD DIVISION,8,SELANGAU/ULU MUKAH,INDEPENDENT,WAMARAU ANAK RAMPAI,MALE,,77,LOST,N
MUKAH DISTRICT COUNCIL,THIRD DIVISION,9,PENAT/MUDAN/OYA/TRUS BAKONG,INDEPENDENT,DATU PENGIRAN LAI BIN DATU PENGIRAN HAJ MOHAMAT,MALE,,410,WON,N
MUKAH DISTRICT COUNCIL,THIRD DIVISION,9,PENAT/MUDAN/OYA/TRUS BAKONG,INDEPENDENT,M. HALPI BIN ABDULRAHMAN,MALE,,376,LOST,N
MUKAH DISTRICT COUNCIL,THIRD DIVISION,10,BALAN/TANAM/UD,INDEPENDENT,SERA BIN IWAL,MALE,,462,WON,N
MUKAH DISTRICT COUNCIL,THIRD DIVISION,10,BALAN/TANAM/UD,INDEPENDENT,GERARD MAT WIN,MALE,,434,LOST,N
MUKAH DISTRICT COUNCIL,THIRD DIVISION,11,DALAT TOWN/BRUNEI/SENG LING SAWMILL,INDEPENDENT,SIM BOON LIANG,MALE,,319,WON,N
MUKAH DISTRICT COUNCIL,THIRD DIVISION,11,DALAT TOWN/BRUNEI/SENG LING SAWMILL,INDEPENDENT,IBRAHIM BIN TAKONG,MALE,,144,LOST,N
MUKAH DISTRICT COUNCIL,THIRD DIVISION,11,DALAT TOWN/BRUNEI/SENG LING SAWMILL,INDEPENDENT,HAJI SAHARI BIN OTHMAN,MALE,,13,LOST DEPOSIT,N
MUKAH DISTRICT COUNCIL,THIRD DIVISION,12,KUT/KEKAN/MEDONG/PLAJANKELID,INDEPENDENT,USOP BIN TIRA,MALE,,467,WON,N
MUKAH DISTRICT COUNCIL,THIRD DIVISION,12,KUT/KEKAN/MEDONG/PLAJANKELID,INDEPENDENT,WENCESLAUS BIN JENAL BIN ULA,MALE,,463,LOST,N
MUKAH DISTRICT COUNCIL,THIRD DIVISION,12,KUT/KEKAN/MEDONG/PLAJANKELID,INDEPENDENT,BERNARD LEE CHIN CHAI,MALE,,65,LOST,N
MUKAH DISTRICT COUNCIL,THIRD DIVISION,13,NARUB/BAOH,INDEPENDENT,LAMBONG ANAK JALANG,MALE,,171,WON,N
MUKAH DISTRICT COUNCIL,THIRD DIVISION,13,NARUB/BAOH,INDEPENDENT,BANTA ANAK SIBAT,MALE,,110,LOST,N
MUKAH DISTRICT COUNCIL,THIRD DIVISION,13,NARUB/BAOH,INDEPENDENT,MELIN ANAK BUAN,MALE,,68,LOST,N
MUKAH DISTRICT COUNCIL,THIRD DIVISION,13,NARUB/BAOH,INDEPENDENT,TING BOON LIANG,MALE,,51,LOST,N
MUKAH DISTRICT COUNCIL,THIRD DIVISION,14,TAMIN,INDEPENDENT,BALAU ANAK UNYANG,MALE,,211,WON,N
MUKAH DISTRICT COUNCIL,THIRD DIVISION,14,TAMIN,INDEPENDENT,SONG ING HUO,MALE,,168,LOST,N
MUKAH DISTRICT COUNCIL,THIRD DIVISION,14,TAMIN,INDEPENDENT,JALAING ANAK MUNGGU,MALE,,145,LOST,N
MUKAH DISTRICT COUNCIL,THIRD DIVISION,15,SEKUAN/PAKU/ULU OYA,INDEPENDENT,YUM ANAK JANANG,MALE,,227,WON,N
MUKAH DISTRICT COUNCIL,THIRD DIVISION,15,SEKUAN/PAKU/ULU OYA,INDEPENDENT,BALANG ANAK ALAU,MALE,,130,LOST,N
MUKAH DISTRICT COUNCIL,THIRD DIVISION,16,BALINGIAN/KUALA BALINGIAN,INDEPENDENT,HAJI ABLURAHMAN SANAI,MALE,,278,WON,N
MUKAH DISTRICT COUNCIL,THIRD DIVISION,16,BALINGIAN/KUALA BALINGIAN,INDEPENDENT,CHUA LAI HUAT,MALE,,87,LOST,N
MUKAH DISTRICT COUNCIL,THIRD DIVISION,16,BALINGIAN/KUALA BALINGIAN,INDEPENDENT,SIM PENG BOON,MALE,,6,LOST DEPOSIT,N
MUKAH DISTRICT COUNCIL,THIRD DIVISION,17,ANAK/ARIP/BAWANG,INDEPENDENT,DAWIT ANAK BASEK,MALE,,127,WON,N
MUKAH DISTRICT COUNCIL,THIRD DIVISION,17,ANAK/ARIP/BAWANG,INDEPENDENT,NGALANG ANAK KALOI,MALE,,114,LOST,N
MUKAH DISTRICT COUNCIL,THIRD DIVISION,17,ANAK/ARIP/BAWANG,INDEPENDENT,DIUNG ANAK KINCHANG,MALE,,109,LOST,N
MUKAH DISTRICT COUNCIL,THIRD DIVISION,17,ANAK/ARIP/BAWANG,INDEPENDENT,SANG ANAK SAWING,MALE,,94,LOST,N
MUKAH DISTRICT COUNCIL,THIRD DIVISION,17,ANAK/ARIP/BAWANG,INDEPENDENT,SIDU ANAK KEDU,MALE,,88,LOST,N
MUKAH DISTRICT COUNCIL,THIRD DIVISION,17,ANAK/ARIP/BAWANG,INDEPENDENT,GANDIN ANAK ELI,MALE,,73,LOST,N
MUKAH DISTRICT COUNCIL,THIRD DIVISION,18,BAWAN,INDEPENDENT,BANYAU ANAK ENSOH,MALE,,132,WON,N
MUKAH DISTRICT COUNCIL,THIRD DIVISION,18,BAWAN,INDEPENDENT,JELANI ANAK CHINTU,MALE,,99,LOST,N
MUKAH DISTRICT COUNCIL,THIRD DIVISION,19,LEMAI/BULOH/ULU BALINGIAN,INDEPENDENT,MERINDING ANAK ENTAWAI,MALE,,313,WON,N
MUKAH DISTRICT COUNCIL,THIRD DIVISION,19,LEMAI/BULOH/ULU BALINGIAN,INDEPENDENT,CHENDAN ANAK GON,MALE,,244,LOST,N
MUKAH DISTRICT COUNCIL,THIRD DIVISION,19,LEMAI/BULOH/ULU BALINGIAN,INDEPENDENT,NYAWAI ANAK GANJA,MALE,,166,LOST,N
SARIKEI DISTRICT COUNCIL,THIRD DIVISION,1,PASI/SELIDAP,SUPP,TANG CHIEW SUNG,MALE,,329,WON,N
SARIKEI DISTRICT COUNCIL,THIRD DIVISION,1,PASI/SELIDAP,ALLIANCE,WONG TEE LENG,MALE,,195,LOST,N
SARIKEI DISTRICT COUNCIL,THIRD DIVISION,2,KAMPONG SARIKEI AND SEBRANG,PANAS,DRAHMAN BIN KERIA,MALE,,256,WON,N
SARIKEI DISTRICT COUNCIL,THIRD DIVISION,2,KAMPONG SARIKEI AND SEBRANG,ALLIANCE,AKIL BIN MASA'ED,MALE,,236,LOST,N
SARIKEI DISTRICT COUNCIL,THIRD DIVISION,2,KAMPONG SARIKEI AND SEBRANG,SUPP,PENGIRAN HAJI ZEN BIN PENGIRAN HAJI OMAR,MALE,,71,LOST,N
SARIKEI DISTRICT COUNCIL,THIRD DIVISION,2,KAMPONG SARIKEI AND SEBRANG,INDEPENDENT,ANIS BIN JIMUDIN,MALE,,38,LOST,N
SARIKEI DISTRICT COUNCIL,THIRD DIVISION,3,"SARIKEI TOWN, NORTH",INDEPENDENT,LO PEK UNG,MALE,,271,WON,N
SARIKEI DISTRICT COUNCIL,THIRD DIVISION,3,"SARIKEI TOWN, NORTH",ALLIANCE,CHEN KO MING,MALE,,221,LOST,N
SARIKEI DISTRICT COUNCIL,THIRD DIVISION,4,"SARIKEI TOWN, SOUTH",INDEPENDENT,TING SIENG MIEW,MALE,,213,WON,N
SARIKEI DISTRICT COUNCIL,THIRD DIVISION,4,"SARIKEI TOWN, SOUTH",ALLIANCE,THEN KWAN LONG,MALE,,125,LOST,N
SARIKEI DISTRICT COUNCIL,THIRD DIVISION,5,REPOK SOUTH,SUPP,LAW HUNG HUNG,MALE,,400,WON,N
SARIKEI DISTRICT COUNCIL,THIRD DIVISION,5,REPOK SOUTH,ALLIANCE,HII HUA SIONG,MALE,,94,LOST,N
SARIKEI DISTRICT COUNCIL,THIRD DIVISION,5,REPOK SOUTH,INDEPENDENT,CHIENG HOCK HUO,MALE,,37,LOST,N
SARIKEI DISTRICT COUNCIL,THIRD DIVISION,6,BAJI/MERUDU,SUPP,HO AH YU,MALE,,426,WON,N
SARIKEI DISTRICT COUNCIL,THIRD DIVISION,6,BAJI/MERUDU,ALLIANCE,YII SUK YONG,MALE,,145,LOST,N
SARIKEI DISTRICT COUNCIL,THIRD DIVISION,7,BULAT SOUTH/PENINJAU,SUPP,WONG CHUNG HING,MALE,,405,WON,N
SARIKEI DISTRICT COUNCIL,THIRD DIVISION,7,BULAT SOUTH/PENINJAU,ALLIANCE,WONG CHING YII,MALE,,87,LOST,N
SARIKEI DISTRICT COUNCIL,THIRD DIVISION,8,BULAT NORTH/SEBANYAK,SUPP,CHUONG KHUAI,MALE,,445,WON,N
SARIKEI DISTRICT COUNCIL,THIRD DIVISION,8,BULAT NORTH/SEBANYAK,ALLIANCE,CHEN TONG SING,MALE,,264,LOST,N
SARIKEI DISTRICT COUNCIL,THIRD DIVISION,9,BELAWAI,INDEPENDENT,HJ. KIP BIN SARABAYA,MALE,,229,WON,N
SARIKEI DISTRICT COUNCIL,THIRD DIVISION,9,BELAWAI,INDEPENDENT,RAMBLI BIN NOH,MALE,,42,LOST,N
SARIKEI DISTRICT COUNCIL,THIRD DIVISION,9,BELAWAI,INDEPENDENT,HJ. TARAL BIN NAEI,MALE,,20,LOST,N
SARIKEI DISTRICT COUNCIL,THIRD DIVISION,10,PALOH,INDEPENDENT,MATERANG BIN ISA,MALE,,,WON,Y
SARIKEI DISTRICT COUNCIL,THIRD DIVISION,11,NYELONG EAST,SUPP,CHIEW PAK MING,MALE,,342,WON,N
SARIKEI DISTRICT COUNCIL,THIRD DIVISION,11,NYELONG EAST,ALLIANCE,BRUANG ANAK PENGUANG,MALE,,177,LOST,N
SARIKEI DISTRICT COUNCIL,THIRD DIVISION,12,SUNGAI RUSA,SUPP,LAU PAK,MALE,,152,WON,N
SARIKEI DISTRICT COUNCIL,THIRD DIVISION,12,SUNGAI RUSA,ALLIANCE,PONG ANAK UJANG,MALE,,78,LOST,N
SARIKEI DISTRICT COUNCIL,THIRD DIVISION,13,SUNGAI SARIKEI ULU,ALLIANCE,BALONG ANAK BATU,MALE,,334,WON,N
SARIKEI DISTRICT COUNCIL,THIRD DIVISION,13,SUNGAI SARIKEI ULU,INDEPENDENT,BANTA ANAK AGOK,MALE,,108,LOST,N
SARIKEI DISTRICT COUNCIL,THIRD DIVISION,14,MERUTON/PAOH,SUPP,LAU SIEW HANG,MALE,,237,WON,N
SARIKEI DISTRICT COUNCIL,THIRD DIVISION,14,MERUTON/PAOH,ALLIANCE,CHEN CHIEW FOO,MALE,,106,LOST,N
SARIKEI DISTRICT COUNCIL,THIRD DIVISION,14,MERUTON/PAOH,INDEPENDENT,KIJON ANAK CHABU,MALE,,35,LOST,N
SARIKEI DISTRICT COUNCIL,THIRD DIVISION,15,SARE,INDEPENDENT,BILIANG ANAK TINGGI,MALE,,213,WON,N
SARIKEI DISTRICT COUNCIL,THIRD DIVISION,15,SARE,SUPP,ADIN ANAK JAMPANG,MALE,,207,LOST,N
SARIKEI DISTRICT COUNCIL,THIRD DIVISION,16,REJANG,INDEPENDENT,BUJANG BIN IKRAM,MALE,,,WON,Y
SARIKEI DISTRICT COUNCIL,THIRD DIVISION,17,JERIJEH/SELALANG,INDEPENDENT,AWANG DRAHMAN BIN AWANG UNA,MALE,,,WON,Y
SIBU RURAL DISTRICT COUNCIL,THIRD DIVISION,1,IGAN,INDEPENDENT,SANYUT BIN HAJI BUSRI,MALE,,343,WON,N
SIBU RURAL DISTRICT COUNCIL,THIRD DIVISION,1,IGAN,ALLIANCE,HANUAR BIN SAMUNI,MALE,,338,LOST,N
SIBU RURAL DISTRICT COUNCIL,THIRD DIVISION,2,PASAI SIONG,INDEPENDENT,PENGHULU POH ANAK KAYA,MALE,,380,WON,N
SIBU RURAL DISTRICT COUNCIL,THIRD DIVISION,2,PASAI SIONG,ALLIANCE,GALAU ANAK UMBONG,MALE,,347,LOST,N
SIBU RURAL DISTRICT COUNCIL,THIRD DIVISION,3,RASAU,INDEPENDENT,BADANG ANAK GAMAU,MALE,,327,WON,N
SIBU RURAL DISTRICT COUNCIL,THIRD DIVISION,3,RASAU,INDEPENDENT,LING BENG SUNG,MALE,,263,LOST,N
SIBU RURAL DISTRICT COUNCIL,THIRD DIVISION,3,RASAU,ALLIANCE,NGELAMBAI ANAK UBIT,MALE,,134,LOST,N
SIBU RURAL DISTRICT COUNCIL,THIRD DIVISION,3,RASAU,INDEPENDENT,ENTILI ANAK GELAU,MALE,,121,LOST,N
SIBU RURAL DISTRICT COUNCIL,THIRD DIVISION,3,RASAU,INDEPENDENT,AKAM ANAK SAYONG,MALE,,34,LOST DEPOSIT,N
SIBU RURAL DISTRICT COUNCIL,THIRD DIVISION,4,PENASU,ALLIANCE,PENGHULU CHUNDI ANAK RESA,MALE,,329,WON,N
SIBU RURAL DISTRICT COUNCIL,THIRD DIVISION,4,PENASU,INDEPENDENT,JIMBAT ANAK NALAU,MALE,,223,LOST,N
SIBU RURAL DISTRICT COUNCIL,THIRD DIVISION,4,PENASU,SUPP,MUGANG ANAK NYANGGU,MALE,,143,LOST,N
SIBU RURAL DISTRICT COUNCIL,THIRD DIVISION,4,PENASU,INDEPENDENT,LU TECK HUI,MALE,,82,LOST,N
SIBU RURAL DISTRICT COUNCIL,THIRD DIVISION,5,LASSA,ALLIANCE,JONATHAN BANGGAU ANAK RENANG,MALE,,439,WON,N
SIBU RURAL DISTRICT COUNCIL,THIRD DIVISION,5,LASSA,INDEPENDENT,JANG ANAK KANDAWANG,MALE,,108,LOST,N
SIBU RURAL DISTRICT COUNCIL,THIRD DIVISION,5,LASSA,INDEPENDENT,ASSAN ANAK BERARIE,MALE,,108,LOST,N
SIBU RURAL DISTRICT COUNCIL,THIRD DIVISION,5,LASSA,INDEPENDENT,LING BENG HUI,MALE,,43,LOST,N
SIBU RURAL DISTRICT COUNCIL,THIRD DIVISION,5,LASSA,SUPP,JIMBAT ANAK IGANG,MALE,,21,LOST DEPOSIT,N
SIBU RURAL DISTRICT COUNCIL,THIRD DIVISION,6,BAWANG ASSAN,INDEPENDENT,LING BENG SIONG,MALE,,657,WON,N
SIBU RURAL DISTRICT COUNCIL,THIRD DIVISION,6,BAWANG ASSAN,SUPP,TANG TUN KING,MALE,,190,LOST,N
SIBU RURAL DISTRICT COUNCIL,THIRD DIVISION,6,BAWANG ASSAN,INDEPENDENT,T. R. GUANG ANAK BARING,MALE,,15,LOST DEPOSIT,N
SIBU RURAL DISTRICT COUNCIL,THIRD DIVISION,7,LAN,SUPP,WONG KWONG YU,MALE,,382,WON,N
SIBU RURAL DISTRICT COUNCIL,THIRD DIVISION,7,LAN,INDEPENDENT,TING SII PUONG,MALE,,59,LOST,N
SIBU RURAL DISTRICT COUNCIL,THIRD DIVISION,7,LAN,INDEPENDENT,HA MEE TOH,MALE,,41,LOST,N
SIBU RURAL DISTRICT COUNCIL,THIRD DIVISION,8,PAN,SUPP,WONG ING YING,MALE,,263,WON,N
SIBU RURAL DISTRICT COUNCIL,THIRD DIVISION,8,PAN,INDEPENDENT,KANG HING YII,MALE,,185,LOST,N
SIBU RURAL DISTRICT COUNCIL,THIRD DIVISION,9,KUNYIT,SUPP,TING SU CHAI,MALE,,267,WON,N
SIBU RURAL DISTRICT COUNCIL,THIRD DIVISION,9,KUNYIT,INDEPENDENT,TING MING HUI,MALE,,201,LOST,N
SIBU RURAL DISTRICT COUNCIL,THIRD DIVISION,10,MA'AW,INDEPENDENT,LAU KIE KUANG,MALE,,253,WON,N
SIBU RURAL DISTRICT COUNCIL,THIRD DIVISION,10,MA'AW,INDEPENDENT,LAU NAI KUONG,MALE,,157,LOST,N
SIBU RURAL DISTRICT COUNCIL,THIRD DIVISION,11,ENSURAI,INDEPENDENT,HII UNG CHI,MALE,,339,WON,N
SIBU RURAL DISTRICT COUNCIL,THIRD DIVISION,11,ENSURAI,INDEPENDENT,LING UNG SIEW,MALE,,85,LOST,N
SIBU RURAL DISTRICT COUNCIL,THIRD DIVISION,12,DASSAN,SUPP,TING LIK KII,MALE,,308,WON,N
SIBU RURAL DISTRICT COUNCIL,THIRD DIVISION,13,SELALO,SUPP,TING PIK KONG,MALE,,210,WON,N
SIBU RURAL DISTRICT COUNCIL,THIRD DIVISION,13,SELALO,INDEPENDENT,TING MING HOI,MALE,,203,LOST,N
SIBU RURAL DISTRICT COUNCIL,THIRD DIVISION,13,SELALO,INDEPENDENT,TIONG HIEW KING,MALE,,120,LOST,N
SIBU RURAL DISTRICT COUNCIL,THIRD DIVISION,13,SELALO,INDEPENDENT,KEE SIAU KING,MALE,,71,LOST,N
SIBU RURAL DISTRICT COUNCIL,THIRD DIVISION,14,ASSAN,INDEPENDENT,PENGABANG ANAK IMPAK,MALE,,294,WON,N
SIBU RURAL DISTRICT COUNCIL,THIRD DIVISION,14,ASSAN,INDEPENDENT,LING DEE HUA,MALE,,68,LOST,N
SIBU RURAL DISTRICT COUNCIL,THIRD DIVISION,14,ASSAN,INDEPENDENT,MENGGA ANAK SALANG,MALE,,237,LOST,N
SIBU RURAL DISTRICT COUNCIL,THIRD DIVISION,14,ASSAN,INDEPENDENT,WONG TING LEW,MALE,,199,LOST,N
SIBU RURAL DISTRICT COUNCIL,THIRD DIVISION,14,ASSAN,INDEPENDENT,TUAN ANAK UNAN,MALE,,131,LOST,N
SIBU RURAL DISTRICT COUNCIL,THIRD DIVISION,15,ENGKILO,SUPP,KONG KIEK MEW,MALE,,453,WON,N
SIBU RURAL DISTRICT COUNCIL,THIRD DIVISION,15,ENGKILO,INDEPENDENT,WONG HIENG TUNG,MALE,,58,LOST,N
SIBU RURAL DISTRICT COUNCIL,THIRD DIVISION,16,TEKU,SUPP,TAN NGUON SIEW,MALE,,273,WON,N
SIBU RURAL DISTRICT COUNCIL,THIRD DIVISION,16,TEKU,INDEPENDENT,PAU TIEN HA,MALE,,143,LOST,N
SIBU RURAL DISTRICT COUNCIL,THIRD DIVISION,17,SEDUAN,SUPP,LOH KWONG CHIONG,MALE,,366,WON,N
SIBU RURAL DISTRICT COUNCIL,THIRD DIVISION,17,SEDUAN,INDEPENDENT,GOH KONG GEE,MALE,,26,LOST,N
SIBU RURAL DISTRICT COUNCIL,THIRD DIVISION,17,SEDUAN,INDEPENDENT,TING TIENG TONG,MALE,,163,LOST,N
SIBU RURAL DISTRICT COUNCIL,THIRD DIVISION,18,KELADI,SUPP,T. R. TIBUOH ANAK RANTAI,MALE,,249,WON,N
SIBU RURAL DISTRICT COUNCIL,THIRD DIVISION,18,KELADI,INDEPENDENT,LUBAN ANAK JALA,MALE,,75,LOST,N
SIBU RURAL DISTRICT COUNCIL,THIRD DIVISION,18,KELADI,INDEPENDENT,F. LAMMERT,MALE,,204,LOST,N
SIBU RURAL DISTRICT COUNCIL,THIRD DIVISION,19,DUDONG,SUPP,CHONG HUA TONG,MALE,,475,WON,N
SIBU RURAL DISTRICT COUNCIL,THIRD DIVISION,19,DUDONG,INDEPENDENT,CHIENG ING SIONG,MALE,,176,LOST,N
SIBU RURAL DISTRICT COUNCIL,THIRD DIVISION,20,MENYAN,ALLIANCE,ANJI ANAK JUDI,MALE,,417,WON,N
SIBU RURAL DISTRICT COUNCIL,THIRD DIVISION,20,MENYAN,INDEPENDENT,AMPI ANAK PENGHULU PILANG,MALE,,284,LOST,N
SIBU RURAL DISTRICT COUNCIL,THIRD DIVISION,21,PAK,SUPP,YAP TEAN JIN,MALE,,501,WON,N
SIBU RURAL DISTRICT COUNCIL,THIRD DIVISION,21,PAK,INDEPENDENT,KEPU ANAK LIANG,MALE,,118,LOST,N
SIBU RURAL DISTRICT COUNCIL,THIRD DIVISION,21,PAK,INDEPENDENT,KONG CHUI HUA,MALE,,59,LOST,N
SIBU RURAL DISTRICT COUNCIL,THIRD DIVISION,22,NAMAN,SUPP,SANDAH ANAK PENGHULU JARAU,MALE,,567,WON,N
SIBU RURAL DISTRICT COUNCIL,THIRD DIVISION,22,NAMAN,INDEPENDENT,LIEW FUI CHONG,MALE,,19,LOST DEPOSIT,N
SIBU RURAL DISTRICT COUNCIL,THIRD DIVISION,22,NAMAN,INDEPENDENT,AJAK ANAK JENANG,MALE,,348,LOST,N
SIBU RURAL DISTRICT COUNCIL,THIRD DIVISION,22,NAMAN,INDEPENDENT,SABAN ANAK NGALAMBAI,MALE,,81,LOST,N
SIBU URBAN DISTRICT COUNCIL,THIRD DIVISION,1,UPPER ISLAND,SUPP,WEE HOE SOON,MALE,,522,WON,N
SIBU URBAN DISTRICT COUNCIL,THIRD DIVISION,1,UPPER ISLAND,SUPP,LAI HAN YU,MALE,,505,WON,N
SIBU URBAN DISTRICT COUNCIL,THIRD DIVISION,1,UPPER ISLAND,INDEPENDENT,YAO PING LING,MALE,,108,LOST,N
SIBU URBAN DISTRICT COUNCIL,THIRD DIVISION,1,UPPER ISLAND,ALLIANCE,CHUA CHUI THONG,MALE,,100,LOST,N
SIBU URBAN DISTRICT COUNCIL,THIRD DIVISION,2,LOWER ISLAND,SUPP,KHOO PENG LOONG,MALE,,329,WON,N
SIBU URBAN DISTRICT COUNCIL,THIRD DIVISION,2,LOWER ISLAND,SUPP,JOHN LAO KIING CHONG,MALE,,312,WON,N
SIBU URBAN DISTRICT COUNCIL,THIRD DIVISION,2,LOWER ISLAND,ALLIANCE,LING BENG SIEW,MALE,,268,LOST,N
SIBU URBAN DISTRICT COUNCIL,THIRD DIVISION,2,LOWER ISLAND,INDEPENDENT,TING ING MIENG,MALE,,92,LOST,N
SIBU URBAN DISTRICT COUNCIL,THIRD DIVISION,2,LOWER ISLAND,INDEPENDENT,LAW PANG HIEW,MALE,,37,LOST DEPOSIT,N
SIBU URBAN DISTRICT COUNCIL,THIRD DIVISION,3,UPPER KAMPONG,ALLIANCE,WAN HAMID MASHHOR,MALE,,489,WON,N
SIBU URBAN DISTRICT COUNCIL,THIRD DIVISION,3,UPPER KAMPONG,ALLIANCE,ABG. HAJI MOHD. TRANG BIN ABG. MOHD. NOR,MALE,,486,WON,N
SIBU URBAN DISTRICT COUNCIL,THIRD DIVISION,3,UPPER KAMPONG,PANAS,ABDUL RAHIM BIN HAJI TAHA,MALE,,380,LOST,N
SIBU URBAN DISTRICT COUNCIL,THIRD DIVISION,3,UPPER KAMPONG,PANAS,ABG. HAJI ABDUL RAZAK BIN A. HAMID,MALE,,372,LOST,N
SIBU URBAN DISTRICT COUNCIL,THIRD DIVISION,4,LOWER KAMPONG,ALLIANCE,AINNIE BIN DHOBY,MALE,,660,WON,N
SIBU URBAN DISTRICT COUNCIL,THIRD DIVISION,4,LOWER KAMPONG,ALLIANCE,FRANCIS LOUIS BARIENG,MALE,,607,WON,N
SIBU URBAN DISTRICT COUNCIL,THIRD DIVISION,4,LOWER KAMPONG,INDEPENDENT,PHILIP ATAN,MALE,,277,LOST,N
SIBU URBAN DISTRICT COUNCIL,THIRD DIVISION,4,LOWER KAMPONG,INDEPENDENT,HAMDEN HAJI MERAIS,MALE,,268,LOST,N
SIBU URBAN DISTRICT COUNCIL,THIRD DIVISION,4,LOWER KAMPONG,INDEPENDENT,JAMAL BIN HAJI DRIS,MALE,,34,LOST DEPOSIT,N
SIBU URBAN DISTRICT COUNCIL,THIRD DIVISION,5,RACE COURSE,INDEPENDENT,PETER JONG KUET SIONG,MALE,,329,WON,N
SIBU URBAN DISTRICT COUNCIL,THIRD DIVISION,5,RACE COURSE,SUPP,ANTHONY TEO TIAO GIN,MALE,,239,WON,N
SIBU URBAN DISTRICT COUNCIL,THIRD DIVISION,5,RACE COURSE,ALLIANCE,TING TUNG MING,MALE,,236,LOST,N
SIBU URBAN DISTRICT COUNCIL,THIRD DIVISION,5,RACE COURSE,ALLIANCE,V. G. BANDONG,MALE,,140,LOST,N
SIBU URBAN DISTRICT COUNCIL,THIRD DIVISION,5,RACE COURSE,PANAS,HAJI ZAIN BIN SEDIK,MALE,,65,LOST,N
SIBU URBAN DISTRICT COUNCIL,THIRD DIVISION,5,RACE COURSE,INDEPENDENT,AUGUSTINE DRUCE,MALE,,49,LOST DEPOSIT,N
SIBU URBAN DISTRICT COUNCIL,THIRD DIVISION,5,RACE COURSE,INDEPENDENT,BHATTACHARYYA RABINDRA BIJOY,MALE,,19,LOST DEPOSIT,N
SIBU URBAN DISTRICT COUNCIL,THIRD DIVISION,6,SUNGEI MERAH,SUPP,TOH GEOK CHOON,MALE,,351,WON,N
SIBU URBAN DISTRICT COUNCIL,THIRD DIVISION,6,SUNGEI MERAH,SUPP,HARRY WONG TECK PING,MALE,,318,WON,N
SIBU URBAN DISTRICT COUNCIL,THIRD DIVISION,6,SUNGEI MERAH,INDEPENDENT,TENG CHIN HUA,MALE,,210,LOST,N
SIBU URBAN DISTRICT COUNCIL,THIRD DIVISION,6,SUNGEI MERAH,INDEPENDENT,TING TIEN SIEW,MALE,,208,LOST,N
SIBU URBAN DISTRICT COUNCIL,THIRD DIVISION,7,BUKIT ASSEK,SUPP,CHEE GUAN KIAT,MALE,,1433,WON,N
SIBU URBAN DISTRICT COUNCIL,THIRD DIVISION,7,BUKIT ASSEK,SUPP,CHAI TSEN TUEI,MALE,,1429,WON,N
SIBU URBAN DISTRICT COUNCIL,THIRD DIVISION,7,BUKIT ASSEK,SUPP,CHIEN CHOON HUA,MALE,,1415,WON,N
SIBU URBAN DISTRICT COUNCIL,THIRD DIVISION,7,BUKIT ASSEK,SUPP,LING KUOK LOONG,MALE,,1331,WON,N
SIBU URBAN DISTRICT COUNCIL,THIRD DIVISION,7,BUKIT ASSEK,ALLIANCE,KONG SUNG SENG,MALE,,285,LOST DEPOSIT,N
SIBU URBAN DISTRICT COUNCIL,THIRD DIVISION,7,BUKIT ASSEK,ALLIANCE,PANG MING SENG,MALE,,245,LOST DEPOSIT,N
SIBU URBAN DISTRICT COUNCIL,THIRD DIVISION,7,BUKIT ASSEK,INDEPENDENT,TANG MING ANG,MALE,,185,LOST DEPOSIT,N
SIBU URBAN DISTRICT COUNCIL,THIRD DIVISION,7,BUKIT ASSEK,ALLIANCE,WONG DIING KAI,MALE,,171,LOST DEPOSIT,N
SIBU URBAN DISTRICT COUNCIL,THIRD DIVISION,7,BUKIT ASSEK,INDEPENDENT,CHEE SING YEONG,MALE,,161,LOST DEPOSIT,N
SIBU URBAN DISTRICT COUNCIL,THIRD DIVISION,7,BUKIT ASSEK,ALLIANCE,CHOO TIANG BOK,MALE,,146,LOST DEPOSIT,N
SIBU URBAN DISTRICT COUNCIL,THIRD DIVISION,8,LANANG ROAD,SUPP,CHEW KIM POON,MALE,,1121,WON,N
SIBU URBAN DISTRICT COUNCIL,THIRD DIVISION,8,LANANG ROAD,SUPP,LIM CHIO SAI,MALE,,1061,WON,N
SIBU URBAN DISTRICT COUNCIL,THIRD DIVISION,8,LANANG ROAD,SUPP,YU HIENG KU,MALE,,985,WON,N
SIBU URBAN DISTRICT COUNCIL,THIRD DIVISION,8,LANANG ROAD,INDEPENDENT,LEE YU YONG,MALE,,222,LOST,N
SIBU URBAN DISTRICT COUNCIL,THIRD DIVISION,8,LANANG ROAD,ALLIANCE,TAN KIM POI,MALE,,140,LOST DEPOSIT,N
SIBU URBAN DISTRICT COUNCIL,THIRD DIVISION,8,LANANG ROAD,ALLIANCE,TING MING KING,MALE,,139,LOST DEPOSIT,N
SIBU URBAN DISTRICT COUNCIL,THIRD DIVISION,9,SALIM,SUPP,KONG CHUNG SIEW,MALE,,409,WON,N
SIBU URBAN DISTRICT COUNCIL,THIRD DIVISION,9,SALIM,SUPP,HII POH YEW,MALE,,383,WON,N
SIBU URBAN DISTRICT COUNCIL,THIRD DIVISION,9,SALIM,INDEPENDENT,CHIENG HIE KWONG,MALE,,190,LOST,N
SIBU URBAN DISTRICT COUNCIL,THIRD DIVISION,9,SALIM,ALLIANCE,LING BENG HUNG,MALE,,116,LOST,N
BARAM DISTRICT COUNCIL,FOURTH DIVISION,1,KELABIT PLATEAU,INDEPENDENT,GALIH BALANG @ AGAN RAJA,MALE,,381,WON,N
BARAM DISTRICT COUNCIL,FOURTH DIVISION,1,KELABIT PLATEAU,INDEPENDENT,INAN MULUN @ ABUN IWAT,MALE,,104,LOST,N
BARAM DISTRICT COUNCIL,FOURTH DIVISION,1,KELABIT PLATEAU,INDEPENDENT,BALA PALABA @ LIAN TAPAN,MALE,,87,LOST,N
BARAM DISTRICT COUNCIL,FOURTH DIVISION,2,LIO MATU,INDEPENDENT,TAMA JALONG NGAU,MALE,,,WON,Y
BARAM DISTRICT COUNCIL,FOURTH DIVISION,3,ULU BARAM,INDEPENDENT,"TEMENGGONG OYONG LAWAI JAU, M.B.E., Q.C.C.,",MALE,69,,WON,Y
BARAM DISTRICT COUNCIL,FOURTH DIVISION,4,AKAH/PATAH,INDEPENDENT,"PENGHULU JOK NGAU, M.B.E.,",MALE,,,WON,Y
BARAM DISTRICT COUNCIL,FOURTH DIVISION,5,UPPER TINJAR,INDEPENDENT,PENGHULU BALAN LEJAU,MALE,,,WON,Y
BARAM DISTRICT COUNCIL,FOURTH DIVISION,6,LONG MIRI,INDEPENDENT,ABING NAWAN,MALE,,274,WON,N
BARAM DISTRICT COUNCIL,FOURTH DIVISION,6,LONG MIRI,INDEPENDENT,ANYI KEBING,MALE,,266,LOST,N
BARAM DISTRICT COUNCIL,FOURTH DIVISION,7,LONG LAMA,INDEPENDENT,OYONG DING WAN,MALE,,449,WON,N
BARAM DISTRICT COUNCIL,FOURTH DIVISION,7,LONG LAMA,INDEPENDENT,PENGHULU BIN MAJANG,MALE,,282,LOST,N
BARAM DISTRICT COUNCIL,FOURTH DIVISION,8,APOH,INDEPENDENT,T. K. AKAM AJANG,MALE,,,WON,Y
BARAM DISTRICT COUNCIL,FOURTH DIVISION,9,TUTOH,INDEPENDENT,PENGHULU BAYA MALANG,MALE,,205,WON,N
BARAM DISTRICT COUNCIL,FOURTH DIVISION,9,TUTOH,INDEPENDENT,MAHDI BIN MAJANG,MALE,,200,LOST,N
BARAM DISTRICT COUNCIL,FOURTH DIVISION,10,PUYUT,INDEPENDENT,CHUNDI ANAK LIBOH,MALE,,,WON,Y
BARAM DISTRICT COUNCIL,FOURTH DIVISION,11,LOWER BARAM,INDEPENDENT,HAJI WAN YUBI,MALE,,189,WON,N
BARAM DISTRICT COUNCIL,FOURTH DIVISION,11,LOWER BARAM,INDEPENDENT,HAJI ABDUL MANAN BIN AHMAD RAIS,MALE,,130,LOST,N
BARAM DISTRICT COUNCIL,FOURTH DIVISION,12,MARUDI,INDEPENDENT,LO MING HUA,MALE,,218,WON,N
BARAM DISTRICT COUNCIL,FOURTH DIVISION,12,MARUDI,INDEPENDENT,TIONG SAY BOK,MALE,,62,LOST,N
BARAM DISTRICT COUNCIL,FOURTH DIVISION,12,MARUDI,INDEPENDENT,AWANG MONTIL BIN AWANG GADOR,MALE,,39,LOST,N
BARAM DISTRICT COUNCIL,FOURTH DIVISION,13,LUBOK NIBONG,INDEPENDENT,LING HO NANG,MALE,,340,WON,N
BARAM DISTRICT COUNCIL,FOURTH DIVISION,13,LUBOK NIBONG,INDEPENDENT,NYAMBONG ANAK KILAT,MALE,,235,LOST,N
BARAM DISTRICT COUNCIL,FOURTH DIVISION,13,LUBOK NIBONG,INDEPENDENT,HII CHEE TOH,MALE,,134,LOST,N
BARAM DISTRICT COUNCIL,FOURTH DIVISION,14,LOWER BAKONG,INDEPENDENT,MUNAP ANAK SUNOK,MALE,,403,WON,N
BARAM DISTRICT COUNCIL,FOURTH DIVISION,14,LOWER BAKONG,INDEPENDENT,JOHN MUDA ANAK JUBIN,MALE,,188,LOST,N
BARAM DISTRICT COUNCIL,FOURTH DIVISION,15,BELURU/UPPER BAKONG,INDEPENDENT,T. R. JADOT ANAK NYAMBAR,MALE,,,WON,Y
BARAM DISTRICT COUNCIL,FOURTH DIVISION,16,TERU/PEKING,INDEPENDENT,PENGHULU ENTRI ANAK SANYAH,MALE,,,WON,Y
BARAM DISTRICT COUNCIL,FOURTH DIVISION,17,LOWER TINJAR,INDEPENDENT,GAYU AVIT @ TAMA ITANG GAYU,MALE,,268,WON,N
BARAM DISTRICT COUNCIL,FOURTH DIVISION,17,LOWER TINJAR,INDEPENDENT,SUJANG ANAK MELAR,MALE,,253,LOST,N
BINTULU DISTRICT COUNCIL,FOURTH DIVISION,1,ULU ANAP,ALLIANCE,T. R. BANYING ANAK KAMARAU,MALE,,,WON,Y
BINTULU DISTRICT COUNCIL,FOURTH DIVISION,2,MIDDLE TATAU,ALLIANCE,JUBIN ANAK MAGGA,MALE,,337,WON,N
BINTULU DISTRICT COUNCIL,FOURTH DIVISION,2,MIDDLE TATAU,INDEPENDENT,BILONG ANAK KESING,MALE,,119,LOST,N
BINTULU DISTRICT COUNCIL,FOURTH DIVISION,2,MIDDLE TATAU,INDEPENDENT,LUTUN ANAK NALONG,MALE,,102,LOST,N
BINTULU DISTRICT COUNCIL,FOURTH DIVISION,2,MIDDLE TATAU,INDEPENDENT,JAMIT ANAK JELEMA,MALE,,99,LOST,N
BINTULU DISTRICT COUNCIL,FOURTH DIVISION,2,MIDDLE TATAU,INDEPENDENT,KELAMBU ANAK MATU,MALE,,31,LOST DEPOSIT,N
BINTULU DISTRICT COUNCIL,FOURTH DIVISION,3,TATAU,ALLIANCE,KALOM ANAK LATIP,MALE,,371,WON,N
BINTULU DISTRICT COUNCIL,FOURTH DIVISION,3,TATAU,INDEPENDENT,MAHRAN BIN AHMAD,MALE,,96,LOST,N
BINTULU DISTRICT COUNCIL,FOURTH DIVISION,4,KUALA TATAU,ALLIANCE,NANANG ANAK ENTIGAR,MALE,,347,WON,N
BINTULU DISTRICT COUNCIL,FOURTH DIVISION,4,KUALA TATAU,ALLIANCE,LIBAN ANAK MERUM,MALE,,99,LOST,N
BINTULU DISTRICT COUNCIL,FOURTH DIVISION,5,ULU KEMENA,INDEPENDENT,T. R. SANG ANAK BUJANG,MALE,,66,WON,N
BINTULU DISTRICT COUNCIL,FOURTH DIVISION,5,ULU KEMENA,INDEPENDENT,HARRY PETER BUXTON,MALE,,39,LOST,N
BINTULU DISTRICT COUNCIL,FOURTH DIVISION,6,MIDDLE KEMENA,PANAS,T. K. JOHARI BIN SUNANG,MALE,,319,WON,N
BINTULU DISTRICT COUNCIL,FOURTH DIVISION,6,MIDDLE KEMENA,INDEPENDENT,T. R. SAGING ANAK MELIEU,MALE,,260,LOST,N
BINTULU DISTRICT COUNCIL,FOURTH DIVISION,6,MIDDLE KEMENA,INDEPENDENT,SULTAN ANAK AMBONG,MALE,,76,LOST,N
BINTULU DISTRICT COUNCIL,FOURTH DIVISION,7,ULU PANDAN,ALLIANCE,T. R. MEDAN ANAK SURANG,MALE,,224,WON,N
BINTULU DISTRICT COUNCIL,FOURTH DIVISION,7,ULU PANDAN,SUPP,TEGONG ANAK GUMBA,MALE,,88,LOST,N
BINTULU DISTRICT COUNCIL,FOURTH DIVISION,7,ULU PANDAN,INDEPENDENT,T. R. JANOP ANAK MADANG,MALE,,11,LOST DEPOSIT,N
BINTULU DISTRICT COUNCIL,FOURTH DIVISION,8,LOWER PANDAN,ALLIANCE,PENGHULU MANI ANAK STANG,MALE,,201,WON,N
BINTULU DISTRICT COUNCIL,FOURTH DIVISION,8,LOWER PANDAN,INDEPENDENT,GARAK ANAK MUT,MALE,,159,LOST,N
BINTULU DISTRICT COUNCIL,FOURTH DIVISION,8,LOWER PANDAN,SUPP,SIRAI ANAK EMBOI,MALE,,11,LOST DEPOSIT,N
BINTULU DISTRICT COUNCIL,FOURTH DIVISION,9,LOWER SEBAUH,SUPP,P'NG TAI YOK,MALE,,195,WON,N
BINTULU DISTRICT COUNCIL,FOURTH DIVISION,9,LOWER SEBAUH,INDEPENDENT,JILAN ANAK NYEGANG,MALE,,131,LOST,N
BINTULU DISTRICT COUNCIL,FOURTH DIVISION,9,LOWER SEBAUH,PANAS,SABIR ALI KHAN,MALE,,107,LOST,N
BINTULU DISTRICT COUNCIL,FOURTH DIVISION,9,LOWER SEBAUH,ALLIANCE,LIKONG ANAK REMONG,MALE,,47,LOST,N
BINTULU DISTRICT COUNCIL,FOURTH DIVISION,9,LOWER SEBAUH,ALLIANCE,MOH LIONG GANG,MALE,,16,LOST DEPOSIT,N
BINTULU DISTRICT COUNCIL,FOURTH DIVISION,10,SEBAUH RIVER,ALLIANCE,PENGHULU ABOK ANAK JALIN,MALE,,,WON,Y
BINTULU DISTRICT COUNCIL,FOURTH DIVISION,11,UPPER BINTULU,ALLIANCE,KAMBAR BIN BUDIN,MALE,,288,WON,N
BINTULU DISTRICT COUNCIL,FOURTH DIVISION,11,UPPER BINTULU,PANAS,YAMAN BIN PEDOL,MALE,,284,LOST,N
BINTULU DISTRICT COUNCIL,FOURTH DIVISION,11,UPPER BINTULU,INDEPENDENT,MOHD. ATAHAR KHAN,MALE,,169,LOST,N
BINTULU DISTRICT COUNCIL,FOURTH DIVISION,11,UPPER BINTULU,SUPP,ARSAT BIN LAGOR,MALE,,55,LOST,N
BINTULU DISTRICT COUNCIL,FOURTH DIVISION,12,JEPAK,PANAS,AWANG ISMAIL BIN PENGIRAN ZAINUDDIN,MALE,,507,WON,N
BINTULU DISTRICT COUNCIL,FOURTH DIVISION,12,JEPAK,ALLIANCE,AHMAD BIN SULONG,MALE,,86,LOST,N
BINTULU DISTRICT COUNCIL,FOURTH DIVISION,12,JEPAK,INDEPENDENT,SIGIYONH ANAK BUNIAU,MALE,,64,LOST,N
BINTULU DISTRICT COUNCIL,FOURTH DIVISION,13,BINTULU,PANAS,ISMAIL BIN HAJI SEBLI,MALE,,225,WON,N
BINTULU DISTRICT COUNCIL,FOURTH DIVISION,13,BINTULU,ALLIANCE,MOHD. ASGHAR KHAN,MALE,,155,LOST,N
BINTULU DISTRICT COUNCIL,FOURTH DIVISION,14,BAZAAR,ALLIANCE,GOH NYIAP JOON,MALE,,230,WON,N
BINTULU DISTRICT COUNCIL,FOURTH DIVISION,14,BAZAAR,ALLIANCE,CHARLES TAN EWE IK,MALE,,95,LOST,N
BINTULU DISTRICT COUNCIL,FOURTH DIVISION,14,BAZAAR,INDEPENDENT,LAW HONG CHIAW,MALE,,51,LOST,N
MIRI DISTRICT COUNCIL,FOURTH DIVISION,1,BAZAAR,SUPP,YANG SIEW SIANG,MALE,,383,WON,N
MIRI DISTRICT COUNCIL,FOURTH DIVISION,1,BAZAAR,SUPP,CHIA KIEN HUI,MALE,,369,WON,N
MIRI DISTRICT COUNCIL,FOURTH DIVISION,1,BAZAAR,ALLIANCE,CHIA CHIN SHIN,MALE,,230,LOST,N
MIRI DISTRICT COUNCIL,FOURTH DIVISION,1,BAZAAR,ALLIANCE,CHAN YONG KAW,MALE,,221,LOST,N
MIRI DISTRICT COUNCIL,FOURTH DIVISION,2,RIVER,PANAS,MUIP BIN TABIB,MALE,,272,WON,N
MIRI DISTRICT COUNCIL,FOURTH DIVISION,2,RIVER,ALLIANCE,MOHD. SEPAWI BIN MOHD. JAHAR,MALE,,267,WON,N
MIRI DISTRICT COUNCIL,FOURTH DIVISION,2,RIVER,ALLIANCE,ABANG SERUJI BIN YUSOF,MALE,,266,LOST,N
MIRI DISTRICT COUNCIL,FOURTH DIVISION,2,RIVER,PANAS,TUAH AZHARI BIN HJ. BOJENG,MALE,,236,LOST,N
MIRI DISTRICT COUNCIL,FOURTH DIVISION,2,RIVER,SUPP,HENG KEA SENG,MALE,,192,LOST,N
MIRI DISTRICT COUNCIL,FOURTH DIVISION,2,RIVER,SUPP,KHO TIANG BOON,MALE,,175,LOST,N
MIRI DISTRICT COUNCIL,FOURTH DIVISION,3,KUBU,ALLIANCE,JAMES FRIDAY YOUNG,MALE,,94,WON,N
MIRI DISTRICT COUNCIL,FOURTH DIVISION,3,KUBU,PANAS,HJ. SHAHADAN BIN BOJENG,MALE,,66,LOST,N
MIRI DISTRICT COUNCIL,FOURTH DIVISION,3,KUBU,SUPP,TEO SIANG ANN,MALE,,39,LOST,N
MIRI DISTRICT COUNCIL,FOURTH DIVISION,3,KUBU,INDEPENDENT,T. C. LIM,MALE,,30,LOST,N
MIRI DISTRICT COUNCIL,FOURTH DIVISION,3,KUBU,INDEPENDENT,WEE KIT CHONG,MALE,,24,LOST,N
MIRI DISTRICT COUNCIL,FOURTH DIVISION,3,KUBU,INDEPENDENT,JOHN TAN,MALE,,12,LOST DEPOSIT,N
MIRI DISTRICT COUNCIL,FOURTH DIVISION,4,MERBAU,SUPP,SIM SONG CHAY,MALE,,225,WON,N
MIRI DISTRICT COUNCIL,FOURTH DIVISION,4,MERBAU,ALLIANCE,TANG CHIOK SING,MALE,,93,LOST,N
MIRI DISTRICT COUNCIL,FOURTH DIVISION,4,MERBAU,INDEPENDENT,KHOO CHOO KEN,MALE,,8,LOST DEPOSIT,N
MIRI DISTRICT COUNCIL,FOURTH DIVISION,5,MERPATI,ALLIANCE,REDUAN BIN TUAH JOHARI,MALE,,231,WON,N
MIRI DISTRICT COUNCIL,FOURTH DIVISION,5,MERPATI,PANAS,OBE HAIRUMI BIN A. WAHAB,MALE,,109,LOST,N
MIRI DISTRICT COUNCIL,FOURTH DIVISION,5,MERPATI,SUPP,LIEW KIM MOI,MALE,,83,LOST,N
MIRI DISTRICT COUNCIL,FOURTH DIVISION,6,BINTANG,ALLIANCE,GEORGE EDWARD JOLLY,MALE,,226,WON,N
MIRI DISTRICT COUNCIL,FOURTH DIVISION,6,BINTANG,PANAS,UDIK BIN HASSAN,MALE,,70,LOST,N
MIRI DISTRICT COUNCIL,FOURTH DIVISION,6,BINTANG,SUPP,TAN HAI BENG,MALE,,53,LOST,N
MIRI DISTRICT COUNCIL,FOURTH DIVISION,7,KROKOP,SUPP,LEE SIE TONG,MALE,,359,WON,N
MIRI DISTRICT COUNCIL,FOURTH DIVISION,7,KROKOP,SUPP,LIM CHEE HIAN,MALE,,340,WON,N
MIRI DISTRICT COUNCIL,FOURTH DIVISION,7,KROKOP,INDEPENDENT,LAU KIM KUAN,MALE,,146,LOST,N
MIRI DISTRICT COUNCIL,FOURTH DIVISION,7,KROKOP,INDEPENDENT,LEE TECK FOOK,MALE,,98,LOST,N
MIRI DISTRICT COUNCIL,FOURTH DIVISION,8,PUJUT,SUPP,ANTHONY SIA TIEW LIENG,MALE,,184,WON,N
MIRI DISTRICT COUNCIL,FOURTH DIVISION,8,PUJUT,PANAS,ABANG ZEN BIN ABG. SARKAWI,MALE,,178,LOST,N
MIRI DISTRICT COUNCIL,FOURTH DIVISION,8,PUJUT,ALLIANCE,ABDUL RAHMAN BIN AWG. TIMBANG,MALE,,92,LOST,N
MIRI DISTRICT COUNCIL,FOURTH DIVISION,9,LUTONG,ALLIANCE,EDWARD JELI,MALE,39,372,WON,N
MIRI DISTRICT COUNCIL,FOURTH DIVISION,9,LUTONG,ALLIANCE,HJ. WAN SAZALI,MALE,,358,WON,N
MIRI DISTRICT COUNCIL,FOURTH DIVISION,9,LUTONG,INDEPENDENT,JAMES TING CHING PANG,MALE,,217,LOST,N
MIRI DISTRICT COUNCIL,FOURTH DIVISION,9,LUTONG,INDEPENDENT,JOHN LEONG CHEE YUN,MALE,,128,LOST,N
MIRI DISTRICT COUNCIL,FOURTH DIVISION,9,LUTONG,SUPP,CHAI HON KONG,MALE,,117,LOST,N
MIRI DISTRICT COUNCIL,FOURTH DIVISION,9,LUTONG,PANAS,AMIR YUSUFF,MALE,,75,LOST,N
MIRI DISTRICT COUNCIL,FOURTH DIVISION,10,KUALA BARAM,PANAS,YAHYA BIN IBRAHMAN,MALE,,173,WON,N
MIRI DISTRICT COUNCIL,FOURTH DIVISION,10,KUALA BARAM,SUPP,VUN SUI HIN,MALE,,107,LOST,N
MIRI DISTRICT COUNCIL,FOURTH DIVISION,10,KUALA BARAM,ALLIANCE,ABDUL GHANI BIN MUNTOS KHAN,MALE,,99,LOST,N
MIRI DISTRICT COUNCIL,FOURTH DIVISION,11,TANJONG,INDEPENDENT,G. W. GEIKIE,MALE,,134,WON,N
MIRI DISTRICT COUNCIL,FOURTH DIVISION,11,TANJONG,SUPP,AMAT BIN GARAM,MALE,,81,LOST,N
MIRI DISTRICT COUNCIL,FOURTH DIVISION,11,TANJONG,PANAS,SULAIMAN BIN AWANG MARANG,MALE,,74,LOST,N
MIRI DISTRICT COUNCIL,FOURTH DIVISION,11,TANJONG,ALLIANCE,MAHARI BIN MOKTI,MALE,,31,LOST,N
MIRI DISTRICT COUNCIL,FOURTH DIVISION,12,LOPENG,SUPP,TAN SIK PHENG,MALE,,188,WON,N
MIRI DISTRICT COUNCIL,FOURTH DIVISION,12,LOPENG,INDEPENDENT,SIGAI BIN OTHMAN,MALE,,91,LOST,N
MIRI DISTRICT COUNCIL,FOURTH DIVISION,12,LOPENG,ALLIANCE,YANG SHUN CHAI,MALE,,81,LOST,N
MIRI DISTRICT COUNCIL,FOURTH DIVISION,13,RIAM,SUPP,LEE CHOK MOI,MALE,,468,WON,N
MIRI DISTRICT COUNCIL,FOURTH DIVISION,13,RIAM,SUPP,BONG CHIN MEAW,MALE,,464,WON,N
MIRI DISTRICT COUNCIL,FOURTH DIVISION,13,RIAM,ALLIANCE,NGIE CHUNG JIN,MALE,,80,LOST,N
MIRI DISTRICT COUNCIL,FOURTH DIVISION,13,RIAM,INDEPENDENT,YONG YAW NAM,MALE,,56,LOST,N
MIRI DISTRICT COUNCIL,FOURTH DIVISION,13,RIAM,INDEPENDENT,VOON NAM THIAN,MALE,,27,LOST DEPOSIT,N
MIRI DISTRICT COUNCIL,FOURTH DIVISION,14,PAKAM,SUPP,LIEW KHIAN,MALE,,293,WON,N
MIRI DISTRICT COUNCIL,FOURTH DIVISION,14,PAKAM,PANAS,HJ. YUSOP BIN DRAHMAN,MALE,,201,LOST,N
MIRI DISTRICT COUNCIL,FOURTH DIVISION,14,PAKAM,ALLIANCE,MOHAMED BIN SARUDIN,MALE,,78,LOST,N
SUBIS DISTRICT COUNCIL,FOURTH DIVISION,1,SATAP,INDEPENDENT,PANGIS BIN DUHAK,MALE,,203,WON,N
SUBIS DISTRICT COUNCIL,FOURTH DIVISION,1,SATAP,INDEPENDENT,WAHAB ENTEBANG BIN BRAIN,MALE,,28,LOST,N
SUBIS DISTRICT COUNCIL,FOURTH DIVISION,2,BEKENU,INDEPENDENT,CHUNG SHAW PIN,MALE,,112,WON,N
SUBIS DISTRICT COUNCIL,FOURTH DIVISION,2,BEKENU,INDEPENDENT,ADENAN BIN DRAHMAN,MALE,,102,LOST,N
SUBIS DISTRICT COUNCIL,FOURTH DIVISION,2,BEKENU,INDEPENDENT,SIM KHENG CHONG,MALE,,14,LOST,N
SUBIS DISTRICT COUNCIL,FOURTH DIVISION,3,BUNGAI,INDEPENDENT,SUHAILI BIN BA',MALE,,,WON,Y
SUBIS DISTRICT COUNCIL,FOURTH DIVISION,4,TIRIS,INDEPENDENT,HAJI MANAI BIN SILA,MALE,,179,WON,N
SUBIS DISTRICT COUNCIL,FOURTH DIVISION,4,TIRIS,INDEPENDENT,LAU FAN KAU,MALE,,136,LOST,N
SUBIS DISTRICT COUNCIL,FOURTH DIVISION,5,KELULIT,INDEPENDENT,T. K. ISA BIN HAJI ALI,MALE,,,WON,Y
SUBIS DISTRICT COUNCIL,FOURTH DIVISION,6,BAKAS,INDEPENDENT,DASU ANAK MUSIN,MALE,,,WON,Y
SUBIS DISTRICT COUNCIL,FOURTH DIVISION,7,ULU SIBUTI,INDEPENDENT,LIAN ANAK MAING,MALE,,117,WON,N
SUBIS DISTRICT COUNCIL,FOURTH DIVISION,7,ULU SIBUTI,INDEPENDENT,BANGGAU ANAK BUNDAN,MALE,,92,LOST,N
SUBIS DISTRICT COUNCIL,FOURTH DIVISION,8,NIAH,INDEPENDENT,WAN AHMAD BIN TUANKU OMAR,MALE,,189,WON,N
SUBIS DISTRICT COUNCIL,FOURTH DIVISION,8,NIAH,INDEPENDENT,KHO THUAN LIP,MALE,,94,LOST,N
SUBIS DISTRICT COUNCIL,FOURTH DIVISION,8,NIAH,INDEPENDENT,AWANG ABU TALIP BIN PENGIRAN JOHARI,MALE,,33,LOST,N
SUBIS DISTRICT COUNCIL,FOURTH DIVISION,9,SAEH,ALLIANCE,BADAK ANAK BAKIT,MALE,,173,WON,N
SUBIS DISTRICT COUNCIL,FOURTH DIVISION,9,SAEH,INDEPENDENT,MERBOT BIN JANGAN,MALE,,18,LOST,N
SUBIS DISTRICT COUNCIL,FOURTH DIVISION,9,SAEH,INDEPENDENT,SALLEH BIN RIKIS,MALE,,1,LOST DEPOSIT,N
SUBIS DISTRICT COUNCIL,FOURTH DIVISION,10,BATU,SUPP,LEE FONG CHEW,MALE,,,WON,Y
SUBIS DISTRICT COUNCIL,FOURTH DIVISION,11,ULU NIAH,ALLIANCE,BAGOL ANAK BARAN,MALE,,91,WON,N
SUBIS DISTRICT COUNCIL,FOURTH DIVISION,11,ULU NIAH,INDEPENDENT,LASAN ANAK ETOT,MALE,,27,LOST,N
SUBIS DISTRICT COUNCIL,FOURTH DIVISION,12,SUAI,INDEPENDENT,SALLEH BIN SERAWAI,MALE,,108,WON,N
SUBIS DISTRICT COUNCIL,FOURTH DIVISION,12,SUAI,INDEPENDENT,ABDUL RAHMAN BIN KUDA,MALE,,55,LOST,N
SUBIS DISTRICT COUNCIL,FOURTH DIVISION,13,ULU SUAI,INDEPENDENT,PENGHULU GUYANG ANAK NISAR,MALE,,92,WON,N
SUBIS DISTRICT COUNCIL,FOURTH DIVISION,13,ULU SUAI,INDEPENDENT,MENENG BIN NYIRIPANG,MALE,,83,LOST,N
LAWAS DISTRICT COUNCIL,FIFTH DIVISION,1,LAWAS TOWN,INDEPENDENT,LIAW CHOO KUN,MALE,,196,WON,N
LAWAS DISTRICT COUNCIL,FIFTH DIVISION,1,LAWAS TOWN,ALLIANCE,AWANG SAMAN BIN KARIM,MALE,,61,LOST,N
LAWAS DISTRICT COUNCIL,FIFTH DIVISION,2,LAWAS RURAL,ALLIANCE,AWANG DAUD BIN MATUSSIN,MALE,,258,WON,N
LAWAS DISTRICT COUNCIL,FIFTH DIVISION,2,LAWAS RURAL,INDEPENDENT,HAJI ZAINAL ABIDIN,MALE,,80,LOST,N
LAWAS DISTRICT COUNCIL,FIFTH DIVISION,3,LAWAS DAMIT,INDEPENDENT,ABAI TUI,MALE,,,WON,Y
LAWAS DISTRICT COUNCIL,FIFTH DIVISION,4,LONG SEMADOH,INDEPENDENT,RACHA UMONG,MALE,,,WON,Y
LAWAS DISTRICT COUNCIL,FIFTH DIVISION,5,BAH KELALAN,INDEPENDENT,LABO KAPONG,MALE,,,WON,Y
LAWAS DISTRICT COUNCIL,FIFTH DIVISION,6,MIDDLE TRUSAN,INDEPENDENT,BAGUL ANAK LUPONG,MALE,,161,WON,N
LAWAS DISTRICT COUNCIL,FIFTH DIVISION,6,MIDDLE TRUSAN,INDEPENDENT,BARU AGONG,MALE,,128,LOST,N
LAWAS DISTRICT COUNCIL,FIFTH DIVISION,6,MIDDLE TRUSAN,INDEPENDENT,LOH TENG KONG,MALE,,75,LOST,N
LAWAS DISTRICT COUNCIL,FIFTH DIVISION,7,TRUSAN ROAD,INDEPENDENT,LIAW CHIN BENG,MALE,,,WON,Y
LAWAS DISTRICT COUNCIL,FIFTH DIVISION,8,LOWER TRUSAN,ALLIANCE,AWANGKU JAWA BIN PENGIRAN HAJI AMJAH,MALE,,97,WON,N
LAWAS DISTRICT COUNCIL,FIFTH DIVISION,8,LOWER TRUSAN,INDEPENDENT,PENGIRAN HAJI HARAN BIN PENGIRAN HAJI GANI,MALE,,56,LOST,N
LAWAS DISTRICT COUNCIL,FIFTH DIVISION,9,SUNDAR RURAL,ALLIANCE,AWANGKU MATYASSIN BIN PENGIRAN BURUT,MALE,,,WON,Y
LAWAS DISTRICT COUNCIL,FIFTH DIVISION,10,SUNDAR TOWN,INDEPENDENT,MAK YAU LIM,MALE,,,WON,Y
LAWAS DISTRICT COUNCIL,FIFTH DIVISION,11,AWAT AWAT,INDEPENDENT,MATSAPAR BIN DURAHMAN,MALE,,107,WON,N
LAWAS DISTRICT COUNCIL,FIFTH DIVISION,11,AWAT AWAT,INDEPENDENT,HAJI MATUSSIN BIN JALIL,MALE,,24,LOST,N
LAWAS DISTRICT COUNCIL,FIFTH DIVISION,12,PUNANG,ALLIANCE,HASHIM BIN DAMIT,MALE,,177,WON,N
LAWAS DISTRICT COUNCIL,FIFTH DIVISION,12,PUNANG,ALLIANCE,PENGIRAN MATKASIM BIN PENGIRAN DAMID,MALE,,132,LOST,N
LAWAS DISTRICT COUNCIL,FIFTH DIVISION,12,PUNANG,INDEPENDENT,LATIP BIN OTHMAN,MALE,,46,LOST,N
LAWAS DISTRICT COUNCIL,FIFTH DIVISION,13,KUALA LAWAS,INDEPENDENT,PENGIRAN MUMIN BIN ALMARHOM PENGIRAN TENGAH METALI,MALE,,234,WON,N
LAWAS DISTRICT COUNCIL,FIFTH DIVISION,13,KUALA LAWAS,ALLIANCE,AWANG BAGOL BIN AWANG DAUD,MALE,,188,LOST,N
LAWAS DISTRICT COUNCIL,FIFTH DIVISION,14,LOWER MERAPOK,ALLIANCE,KULA BIN OSMAN,MALE,,,WON,Y
LAWAS DISTRICT COUNCIL,FIFTH DIVISION,15,UPPER MERAPOK,ALLIANCE,BINA ANAK LANGUP,MALE,,,WON,Y
LIMBANG DISTRICT COUNCIL,FIFTH DIVISION,1,ULU LIMBANG,INDEPENDENT,JAMES WONG,MALE,,,WON,Y
LIMBANG DISTRICT COUNCIL,FIFTH DIVISION,2,PANDARUAN/LUBAI,ALLIANCE,ANTHONY BELAYONG ANAK BEAT,MALE,,,WON,Y
LIMBANG DISTRICT COUNCIL,FIFTH DIVISION,3,DANAU,INDEPENDENT,YEO LENG SOON,MALE,,238,WON,N
LIMBANG DISTRICT COUNCIL,FIFTH DIVISION,3,DANAU,INDEPENDENT,HUSSNI BIN ABDULLAH,MALE,,85,LOST,N
LIMBANG DISTRICT COUNCIL,FIFTH DIVISION,4,TELAHAK/IPAI,INDEPENDENT,HAJI ABU BAKAR BIN ABDULLAH,MALE,,,WON,Y
LIMBANG DISTRICT COUNCIL,FIFTH DIVISION,5,TABAHAN,INDEPENDENT,MOHD. TARIP BIN BURUT,MALE,,112,WON,N
LIMBANG DISTRICT COUNCIL,FIFTH DIVISION,5,TABAHAN,INDEPENDENT,HASSAN BIN MOMIN,MALE,,61,LOST,N
LIMBANG DISTRICT COUNCIL,FIFTH DIVISION,6,LIMBANG BAZAAR,INDEPENDENT,LIM CHUI SENG,MALE,,83,WON,N
LIMBANG DISTRICT COUNCIL,FIFTH DIVISION,6,LIMBANG BAZAAR,INDEPENDENT,ANG KENG SU,MALE,,66,LOST,N
LIMBANG DISTRICT COUNCIL,FIFTH DIVISION,6,LIMBANG BAZAAR,INDEPENDENT,YONG UNG PING,MALE,,38,LOST,N
LIMBANG DISTRICT COUNCIL,FIFTH DIVISION,6,LIMBANG BAZAAR,INDEPENDENT,LIM KIM BOY,MALE,,27,LOST,N
LIMBANG DISTRICT COUNCIL,FIFTH DIVISION,6,LIMBANG BAZAAR,INDEPENDENT,TEO ENG LEONG,MALE,,8,LOST DEPOSIT,N
LIMBANG DISTRICT COUNCIL,FIFTH DIVISION,7,BANGKITA,INDEPENDENT,AWANG AMING BIN AWANG BAKIR,MALE,,125,WON,N
LIMBANG DISTRICT COUNCIL,FIFTH DIVISION,7,BANGKITA,INDEPENDENT,HABIBOLLAH BIN MAJID,MALE,,117,LOST,N
LIMBANG DISTRICT COUNCIL,FIFTH DIVISION,8,RANGGAU,INDEPENDENT,HAJI SALLEH BIN SAHAR,MALE,,183,WON,N
LIMBANG DISTRICT COUNCIL,FIFTH DIVISION,8,RANGGAU,INDEPENDENT,HAJI NOKMAN BIN HJ. BASI,MALE,,171,LOST,N
LIMBANG DISTRICT COUNCIL,FIFTH DIVISION,9,SG. POYAN/BERAWAN,INDEPENDENT,AHIM BIN BURUT,MALE,,217,WON,N
LIMBANG DISTRICT COUNCIL,FIFTH DIVISION,9,SG. POYAN/BERAWAN,INDEPENDENT,APONG ANAK AWA,MALE,,213,LOST,N
LIMBANG DISTRICT COUNCIL,FIFTH DIVISION,9,SG. POYAN/BERAWAN,INDEPENDENT,PUANG LIING YEW,MALE,,38,LOST,N
LIMBANG DISTRICT COUNCIL,FIFTH DIVISION,9,SG. POYAN/BERAWAN,INDEPENDENT,LUJI (JOAKIN) ANAK TUGANG,MALE,,36,LOST,N
LIMBANG DISTRICT COUNCIL,FIFTH DIVISION,10,UKONG,INDEPENDENT,YASAU ANAK MANGGI,MALE,,178,WON,N
LIMBANG DISTRICT COUNCIL,FIFTH DIVISION,10,UKONG,INDEPENDENT,HIDUP ANAK ITAI,MALE,,176,LOST,N
LIMBANG DISTRICT COUNCIL,FIFTH DIVISION,11,MEDAMIT,INDEPENDENT,GAWAN ANAK JANGGA,MALE,,,WON,Y
LIMBANG DISTRICT COUNCIL,FIFTH DIVISION,12,SEBUKANG,INDEPENDENT,AMAT BIN TUAH @ MATYAHU,MALE,,141,WON,N
LIMBANG DISTRICT COUNCIL,FIFTH DIVISION,12,SEBUKANG,INDEPENDENT,AWANG DAMIT KAMBAR BIN AWANG KADIR,MALE,,87,LOST,N
LIMBANG DISTRICT COUNCIL,FIFTH DIVISION,12,SEBUKANG,INDEPENDENT,HAJI LUDIN BIN KAHAN,MALE,,25,LOST,N
LIMBANG DISTRICT COUNCIL,FIFTH DIVISION,13,BUKIT KOTA,INDEPENDENT,T. K. MATASSAN BIN SAMAD,MALE,,138,WON,N
LIMBANG DISTRICT COUNCIL,FIFTH DIVISION,13,BUKIT KOTA,INDEPENDENT,AWANG TAHIR BIN HASSAN,MALE,,98,LOST,N
LIMBANG DISTRICT COUNCIL,FIFTH DIVISION,14,LIMBANG RESIDENTIAL,INDEPENDENT,AWANG BAJA BIN AWANG BESAR,MALE,,64,WON,N
LIMBANG DISTRICT COUNCIL,FIFTH DIVISION,14,LIMBANG RESIDENTIAL,INDEPENDENT,RAHAM DOLAH BIN MAJID,MALE,,55,LOST,N
LIMBANG DISTRICT COUNCIL,FIFTH DIVISION,14,LIMBANG RESIDENTIAL,INDEPENDENT,WONG AH SOON,MALE,,49,LOST,N
LIMBANG DISTRICT COUNCIL,FIFTH DIVISION,14,LIMBANG RESIDENTIAL,INDEPENDENT,WONG TING CHEW,MALE,,34,LOST,N
LIMBANG DISTRICT COUNCIL,FIFTH DIVISION,15,PENDAM,INDEPENDENT,AWG. SAHAT BIN TAHIR,MALE,,,WON,Y