STATE,LOCAL COUNCIL,ALLIANCE - UMNO (VOTES),ALLIANCE - MCA (VOTES),ALLIANCE - MIC (VOTES),SF (VOTES),PMIP (VOTES),PPP (VOTES),INDEPENDENTS (VOTES),REJECTED BALLOT PAPERS,TOTAL ELECTORATE OF CONTESTED AREAS,ALLIANCE - UMNO (SEATS),ALLIANCE - MCA (SEATS),ALLIANCE - MIC (SEATS),SF (SEATS),PMIP (SEATS),PPP (SEATS),INDEPENDENTS (SEATS),TOTAL LOCAL GOVERNMENT SEATS,WINNING COALITION/PARTY,NOTES
PERLIS,KAKI BUKIT LOCAL COUNCIL,,3213,,,,,291,35,1142,,12,,,,,,12,ALLIANCE,
PERLIS,SIMPANG AMPAT LOCAL COUNCIL,457,421,,43,,,85,4,255,7,5,,,,,,12,ALLIANCE,
KEDAH,ANAK BUKIT LOCAL COUNCIL,,,,,,,,,,5,4,,,,,,9,ALLIANCE,
KEDAH,BEDONG LOCAL COUNCIL,,,,,,,,,,2,6,1,,,,,9,ALLIANCE,
KEDAH,BUKIT SELAMBAU LOCAL COUNCIL,,,,,,,,,,4,5,,,,,,9,ALLIANCE,
KEDAH,CHANGLUN LOCAL COUNCIL,,,,,,,,,,1,11,,,,,,12,ALLIANCE,
KEDAH,GUAR CHEMPEDAK LOCAL COUNCIL,838,954,,105,2301,,214,40,2159,1,2,,,9,,,12,PMIP,
KEDAH,GURUN LOCAL COUNCIL,383,1349,,462,,,568,31,1518,2,4,,2,,,1,9,ALLIANCE,
KEDAH,JENIANG LOCAL COUNCIL,193,94,,,283,,569,10,606,2,1,,,3,,3,9,(NO CLEAR WINNER),
KEDAH,JUNJONG LOCAL COUNCIL,97,699,,403,,,,9,527,1,7,,1,,,,9,ALLIANCE,
KEDAH,KODIANG - PADANG SERA LOCAL COUNCIL,756,235,,101,351,,378,3,790,5,2,,,2,,1,10,ALLIANCE,
KEDAH,KUALA KETIL LOCAL COUNCIL,298,713,,184,,,351,2,640,3,6,,,,,,9,ALLIANCE,
KEDAH,KUALA NERANG LOCAL COUNCIL,,,,,,,,,,6,3,,,,,,9,ALLIANCE,
KEDAH,KUPANG LOCAL COUNCIL,,,,,,,,,,5,4,,,,,,9,ALLIANCE,
KEDAH,LANGGAR LOCAL COUNCIL,,,,,,,,,,4,5,,,,,,9,ALLIANCE,
KEDAH,LUNAS LOCAL COUNCIL,,1179,,757,,,,7,751,,9,,,,,,9,ALLIANCE,
KEDAH,MAHANG LOCAL COUNCIL,240,297,166,,,,155,8,337,3,4,2,,,,,9,ALLIANCE,
KEDAH,MERBAU PULAS LOCAL COUNCIL,35,163,,156,,,,1,156,3,4,,2,,,,9,ALLIANCE,
KEDAH,MERBOK LOCAL COUNCIL,,,,,,,,,,2,7,,,,,,9,ALLIANCE,
KEDAH,PADANG SERAI LOCAL COUNCIL,,,,,,,,,,,6,3,,,,,9,ALLIANCE,
KEDAH,POKOK SENA LOCAL COUNCIL,,,,,,,,,,3,6,,,,,,9,ALLIANCE,
KEDAH,SELAMA LOCAL COUNCIL,,,,,,,,,,1,8,,,,,,9,ALLIANCE,
KEDAH,SERDANG LOCAL COUNCIL,579,1273,153,1408,,,,5,1010,3,6,1,2,,,,12,ALLIANCE,
KEDAH,SIK LOCAL COUNCIL,491,324,,,99,,36,5,598,6,3,,,,,,9,ALLIANCE,
KEDAH,SIMPANG TIGA LOCAL COUNCIL,248,424,,,,,301,5,296,3,5,,,,,,8,ALLIANCE,
KEDAH,SUNGEI KECHIL ILLIR LOCAL COUNCIL,,,,,,,,,,1,8,,,,,,9,ALLIANCE,
KEDAH,SUNGEI LALLANG LOCAL COUNCIL,,,,,,,,,,,9,,,,,,9,ALLIANCE,
KEDAH,TAWAR LOCAL COUNCIL,133,329,60,,,,104,4,329,3,5,1,,,,,9,ALLIANCE,
KEDAH,TUNJANG LOCAL COUNCIL,49,104,,,,,270,2,175,4,2,,,,,3,9,ALLIANCE,
KEDAH,YEN LOCAL COUNCIL,1099,385,,749,272,,167,26,1755,7,2,,4,2,,,15,ALLIANCE,
KELANTAN,BERTAM LOCAL COUNCIL,619,,,,430,,,10,421,9,,,,,,,9,ALLIANCE,
KELANTAN,CHERANG RUKU LOCAL COUNCIL,548,85,,,1171,,,9,739,,,,,9,,,9,PMIP,
KELANTAN,DAERAH KADOK LOCAL COUNCIL,2069,,,,5248,,,35,3330,,,,,12,,,12,PMIP,
KELANTAN,DAERAH PANGKAL KALONG LOCAL COUNCIL,4448,,,535,6558,,,154,5473,1,,,,11,,,12,PMIP,
KELANTAN,DAERAH PERINGAT LOCAL COUNCIL,4242,,,,6160,,,192,4524,,,,,12,,,12,PMIP,
KELANTAN,GUA MUSANG LOCAL COUNCIL,,,,,,,,,,,9,,,,,,9,ALLIANCE,
KELANTAN,GUAL IPOH LOCAL COUNCIL,372,,,,264,,,12,249,8,,,,1,,,9,ALLIANCE,
KELANTAN,GUAL PERIOK LOCAL COUNCIL,276,,,,437,,,4,280,1,,,,8,,,9,PMIP,
KELANTAN,JELAWAT LOCAL COUNCIL,500,125,,,644,,,8,487,2,1,,,6,,,9,PMIP,
KELANTAN,KUALA BALAH LOCAL COUNCIL,783,,,,860,,,9,643,3,,,,6,,,9,PMIP,
KELANTAN,KUBANG KERIAN LOCAL COUNCIL,869,,,,1071,,,28,855,3,,,,9,,,12,PMIP,
KELANTAN,KUSIAL BHARU LOCAL COUNCIL,459,,,,329,,,4,298,6,,,,3,,,9,ALLIANCE,
KELANTAN,MANEK URAI LOCAL COUNCIL,551,,,,476,,,22,600,3,,,,6,,,9,PMIP,
KELANTAN,PULAI CHONDONG LOCAL COUNCIL,552,83,,,414,,,2,441,5,1,,,3,,,9,ALLIANCE,
KELANTAN,RANTAU PANJANG LOCAL COUNCIL,829,104,,,585,,,8,735,8,1,,,,,,9,ALLIANCE,
KELANTAN,TANAH MERAH LOCAL COUNCIL,1194,325,,,873,,,15,1196,6,2,,,4,,,12,ALLIANCE,
KELANTAN,TEMANGAN LOCAL COUNCIL,801,645,,,1339,,,13,1182,2,2,,,5,,,9,PMIP,
KELANTAN,TO' UBAN LOCAL COUNCIL,592,,,,1276,,,16,819,,,,,9,,,9,PMIP,
KELANTAN,WAKAF BHARU LOCAL COUNCIL,655,178,,,290,,,6,463,7,2,,,,,,9,ALLIANCE,
PERAK,AMPANG BAHRU LOCAL COUNCIL,,728,,64,,1657,,42,1010,,,,,,9,,9,PPP,
PERAK,AULONG LOCAL COUNCIL,,2214,,,,,1997,45,2266,,8,,,,,4,12,ALLIANCE,
PERAK,AYER KALA LOCAL COUNCIL,,,,,,,,,,,8,,,,,,8,ALLIANCE,
PERAK,AYER KUNING LOCAL COUNCIL,,,,,,,,,,,8,,,,,,8,ALLIANCE,
PERAK,AYER TAWAR LOCAL COUNCIL,,4387,,,,2510,2408,62,2488,,4,,,,4,2,10,(NO CLEAR WINNER),
PERAK,AYER TERJUN LOCAL COUNCIL,128,618,127,,,,172,5,292,1,5,1,,,,,7,ALLIANCE,
PERAK,BAGAN BAHRU LOCAL COUNCIL,1548,,,131,,,,25,317,7,,,,,,,7,ALLIANCE,
PERAK,BANIR LOCAL COUNCIL,,374,,,,216,,9,179,,8,,,,,,8,ALLIANCE,
PERAK,BATU 8 LEKIR LOCAL COUNCIL,,,,,,,,,,8,,,,,,,8,ALLIANCE,
PERAK,BATU DUA BELAS LOCAL COUNCIL,,486,,,,445,34,15,394,,5,,,,3,1,9,ALLIANCE,
PERAK,BATU DUA LOCAL COUNCIL,,953,,180,,,,6,395,,6,,1,,,,7,ALLIANCE,
PERAK,BATU KURAU LOCAL COUNCIL,,,,,,,,,,3,5,,,,,,8,ALLIANCE,
PERAK,BEHRANG STATION LOCAL COUNCIL,,,,,,,,,,3,7,,,,,,10,ALLIANCE,
PERAK,BIDOR LOCAL COUNCIL,,3539,290,281,,2913,68,121,3382,,5,1,,,6,,12,(NO CLEAR WINNER),Perak state government decided to dissolve the council due to failure to appoint Chairman and Deputy Chairman
PERAK,BIDOR STATION LOCAL COUNCIL,,523,,,,353,82,10,391,,3,,,,4,1,8,(NO CLEAR WINNER),
PERAK,BRUAS LOCAL COUNCIL,,,,,,,,,,2,6,,,,,,8,ALLIANCE,
PERAK,BUKIT MERAH LOCAL COUNCIL,,1379,,210,,3972,55,49,2600,,,,,,15,,15,PPP,
PERAK,BUKIT PAGAR LOCAL COUNCIL,,872,,,,399,,14,437,,8,,,,,,8,ALLIANCE,
PERAK,CHANGKAT JERING LOCAL COUNCIL,,,,,,,,,,2,5,,,,,,7,ALLIANCE,
PERAK,CHANGKAT KRUING LOCAL COUNCIL,,1829,,,,884,349,14,870,,8,,,,,,8,ALLIANCE,
PERAK,CHENDERIANG LOCAL COUNCIL,,1957,145,,,1416,297,12,1439,,6,,,,5,1,12,(NO CLEAR WINNER),
PERAK,CHUI CHAK LOCAL COUNCIL,,749,,489,,1341,206,22,1160,,,,3,,8,1,12,PPP,
PERAK,JELAI LOCAL COUNCIL,,,,,,,,,,4,2,1,,,,,7,ALLIANCE,
PERAK,JELAPANG LOCAL COUNCIL,282,803,77,543,,2422,,56,2153,,,,,,15,,15,PPP,
PERAK,JERAM LOCAL COUNCIL,,773,,422,,903,,5,854,,2,,,,7,,9,PPP,
PERAK,JERLUN LOCAL COUNCIL,,587,,622,,,,14,751,,4,,4,,,,8,(NO CLEAR WINNER),
PERAK,KAMPONG BERCHAM LOCAL COUNCIL,,2175,,531,,1688,,34,1894,,9,,,,6,,15,ALLIANCE,
PERAK,KAMPONG CHINA LOCAL COUNCIL,,,,,,,,,,,8,,,,,,8,ALLIANCE,
PERAK,KAMPONG COLDSTREAM LOCAL COUNCIL,,329,,,,999,,16,419,,,,,,8,,8,PPP,
PERAK,KAMPONG KOH LOCAL COUNCIL,,2831,,,,4091,,107,1849,,4,,,,6,,10,PPP,
PERAK,KAMPONG MESJID LOCAL COUNCIL,,,,,,,,,,6,1,,,,,,7,ALLIANCE,
PERAK,KAMPONG PASIR PANJANG LAUT LOCAL COUNCIL,,,,,,,,,,7,,,,1,,,8,ALLIANCE,
PERAK,KAMPONG PINANG LOCAL COUNCIL,1086,,,,,,488,21,1073,9,,,,,,,9,ALLIANCE,
PERAK,KAMPONG TAWAS LOCAL COUNCIL,,443,,595,,1425,,26,1080,,,,,,9,,9,PPP,
PERAK,KAMPONG TEMERLOH LOCAL COUNCIL,,,,,,,,,,,7,,,,,,7,ALLIANCE,
PERAK,KARAI LOCAL COUNCIL,,1820,273,,,209,,19,937,,7,1,,,,,8,ALLIANCE,
PERAK,KOTA TAMPAN LOCAL COUNCIL,,942,,444,,,316,,,,7,,,,,,7,ALLIANCE,
PERAK,KUALA RUI LOCAL COUNCIL,,1004,,,,916,44,27,350,,5,,,,2,,7,ALLIANCE,
PERAK,KUBU GAJAH LOCAL COUNCIL,,,,,,,,,,5,1,1,,,,,7,ALLIANCE,
PERAK,LANGKAP LOCAL COUNCIL,480,758,,96,286,1288,,35,1202,6,,,,,9,,15,PPP,
PERAK,LAWAN KUDA BHARU LOCAL COUNCIL,,1147,,,,2702,,16,1660,,,,,,9,,9,PPP,
PERAK,LENGGONG LOCAL COUNCIL,212,1540,141,45,,1512,,63,1769,1,6,1,,,4,,12,ALLIANCE,
PERAK,LIMAN KATI LOCAL COUNCIL,,185,27,180,,631,78,22,709,,,,1,,9,,10,PPP,
PERAK,MALIM NAWAR LOCAL COUNCIL,,1683,138,1317,,2218,,19,2518,,2,,6,,7,,15,(NO CLEAR WINNER),
PERAK,MANONG LOCAL COUNCIL,,,,,,,,,,1,5,,,,,,6,ALLIANCE,
PERAK,MATANG AND TELOK KERTANG LOCAL COUNCIL,,,,,,,,,,2,6,1,,,,,9,ALLIANCE,
PERAK,PADANG GAJAH LOCAL COUNCIL,,,,,,,,,,2,5,,,,,,7,ALLIANCE,
PERAK,PADANG GRUS LOCAL COUNCIL,,646,,,,366,429,17,508,,2,,,,3,3,8,(NO CLEAR WINNER),
PERAK,PADANG RENGAS LOCAL COUNCIL,32,163,,,,239,,3,264,1,1,,,,4,,6,PPP,
PERAK,PARIT LOCAL COUNCIL,,,,,,,,,,4,3,1,,,,,8,ALLIANCE,
PERAK,PEKAN GURNEY LOCAL COUNCIL,,2260,,,,2396,261,70,1644,,2,,,,6,,8,PPP,
PERAK,PELAWAN LOCAL COUNCIL,,360,,28,,152,,3,260,,6,,1,,2,,9,ALLIANCE,
PERAK,POKOK ASSAM LOCAL COUNCIL,,1649,,977,,,,25,1683,1,9,,2,,,,12,ALLIANCE,
PERAK,PONDOK TANJONG LOCAL COUNCIL,206,202,298,,,,207,4,283,2,2,3,,,,,7,ALLIANCE,
PERAK,PORT WELD LOCAL COUNCIL,,,,,,,,,,,9,,,,,,9,ALLIANCE,
PERAK,PUSING AND GUNONG HIJAU LOCAL COUNCIL,,1993,,,,4928,,114,3268,,,,,,12,,12,PPP,
PERAK,RANTAU PANJANG LOCAL COUNCIL,,,,,,,,,,1,5,1,,,,,7,ALLIANCE,
PERAK,REDANG PANJANG LOCAL COUNCIL,,,,,,,,,,1,6,,,,,,7,ALLIANCE,
PERAK,RIMBA PANJANG LOCAL COUNCIL,,501,,,,,756,12,609,,4,,,,,5,9,INDEPENDENTS,
PERAK,SAUK LOCAL COUNCIL,,394,119,,,485,,3,575,,5,1,,,2,,8,ALLIANCE,
PERAK,SELAT PAGAR LOCAL COUNCIL,,,,,,,,,,,7,,,,,,7,ALLIANCE,
PERAK,SIMPANG DUA LOCAL COUNCIL,,819,,,,1466,334,18,812,,,,,,8,,8,PPP,
PERAK,SIMPANG LOCAL COUNCIL,,,,,,,,,,,7,,,,,1,8,ALLIANCE,
PERAK,SIMPANG PULAI LOCAL COUNCIL,,1158,,,,1352,,38,980,,1,,,,8,,9,PPP,
PERAK,SLIM RIVER LOCAL COUNCIL,206,1582,201,600,,,73,15,1268,1,7,1,,,,,9,ALLIANCE,
PERAK,SLIM VILLAGE LOCAL COUNCIL,,,,,,,,,,2,3,1,,,,,6,ALLIANCE,
PERAK,SUNGEI BATU LOCAL COUNCIL,,723,,,,847,,10,494,,,,,,8,,8,PPP,
PERAK,SUNGEI BAYOR LOCAL COUNCIL,450,176,,,,,49,4,119,5,2,,,,,,7,ALLIANCE,
PERAK,SUNGEI DURIAN LOCAL COUNCIL,,671,,135,,1302,,31,926,,,,,,9,,9,PPP,
PERAK,SUNGEI ROTAN LOCAL COUNCIL,,,,,,,,,,,7,,,,,,7,ALLIANCE,
PERAK,SUNGEI SIPUT LOCAL COUNCIL,,5827,1251,205,,5989,,163,5913,,6,3,,,6,,15,ALLIANCE,
PERAK,SUNGEI TERAP LOCAL COUNCIL,,730,,108,,,331,8,236,,4,,1,,,2,7,ALLIANCE,
PERAK,SUNGKAI LOCAL COUNCIL,100,448,121,,,297,,20,513,2,9,1,,,,,12,ALLIANCE,
PERAK,TANJONG RAMBUTAN LOCAL COUNCIL,60,565,177,451,,540,45,29,950,3,2,,5,,5,,15,(NO CLEAR WINNER),
PERAK,TANJONG TUALANG LOCAL COUNCIL,,1476,,,,656,,108,1023,,8,,,,1,,9,ALLIANCE,
PERAK,TAPAH ROAD LOCAL COUNCIL,100,525,93,,,235,47,21,500,2,5,2,,,,,9,ALLIANCE,
PERAK,TASEK LOCAL COUNCIL,,,,,,,,,,,7,,,,,,7,ALLIANCE,
PERAK,TEMOH LOCAL COUNCIL,,1153,,,,1069,,33,1042,,6,,,,6,,12,(NO CLEAR WINNER),Perak state government decided to dissolve the council due to failure to appoint Chairman and Deputy Chairman
PERAK,TRONG LOCAL COUNCIL,268,857,,258,,,212,56,488,2,6,,,,,,8,ALLIANCE,
PERAK,TROSOL LOCAL COUNCIL,,,,,,,,,,,12,,,,,,12,ALLIANCE,
PERAK,ULU SAPETANG LOCAL COUNCIL,,,,,,,,,,3,2,2,,,,,7,ALLIANCE,
PAHANG,BENTA LOCAL COUNCIL,107,1512,,325,,,380,16,1086,,12,,,,,3,15,ALLIANCE,
PAHANG,BESERAH LOCAL COUNCIL,1677,,,443,170,,,62,984,9,,,2,1,,,12,ALLIANCE,
PAHANG,BUKIT TINGGI LOCAL COUNCIL,,652,,246,,,,8,397,,9,,,,,,9,ALLIANCE,
PAHANG,CHENOR LOCAL COUNCIL,,,,,,,,,,7,2,,,,,,9,ALLIANCE,
PAHANG,CHEROH LOCAL COUNCIL,175,1403,,470,,,,20,882,1,8,,,,,,9,ALLIANCE,
PAHANG,DONG LOCAL COUNCIL,774,88,,342,,,,14,549,8,1,,,,,,9,ALLIANCE,
PAHANG,GAMBANG LOCAL COUNCIL,,,,,,,,,,,9,,,,,,9,ALLIANCE,
PAHANG,JERKOH LOCAL COUNCIL,,1322,,264,,,,21,682,,9,,,,,,9,ALLIANCE,
PAHANG,KAMPONG SANGGANG LOCAL COUNCIL,,,,,,,,,,9,,,,,,,9,ALLIANCE,
PAHANG,KARAK LOCAL COUNCIL,303,3305,,2242,,,228,32,1034,1,13,,,,,,14,ALLIANCE,
PAHANG,KEMAYAN LOCAL COUNCIL,,,,,,,,,,,9,,,,,,9,ALLIANCE,
PAHANG,KERAYONG LOCAL COUNCIL,,,,,,,,,,,9,,,,,,9,ALLIANCE,
PAHANG,KERDAU LOCAL COUNCIL,133,235,,223,117,,,6,312,3,3,,3,,,,9,ALLIANCE,
PAHANG,KUALA KRAU LOCAL COUNCIL,,,,,,,,,,2,7,,,,,,9,ALLIANCE,
PAHANG,KUALA PAHANG LOCAL COUNCIL,,,,,,,,,,6,3,,,,,,9,ALLIANCE,
PAHANG,LANCHANG LOCAL COUNCIL,160,128,,108,,,78,2,212,3,1,,3,,,2,9,SF,"Originally there was no winner. However, Socialist Front took the helm before defection of all 3 SF to MCA resulted the council falling into hands of BN in July 1962"
PAHANG,MANCHIS LOCAL COUNCIL,,475,,140,,,,7,268,,9,,,,,,9,ALLIANCE,
PAHANG,MENGKARAK LOCAL COUNCIL,,83,,89,,,,1,193,,7,,2,,,,9,ALLIANCE,
PAHANG,MENGKUANG LOCAL COUNCIL,,155,,100,,,,6,313,,8,,1,,,,9,ALLIANCE,
PAHANG,PENJOM LOCAL COUNCIL,,503,,271,,,,5,351,,7,,2,,,,9,ALLIANCE,
PAHANG,RINGLET LOCAL COUNCIL,,106,,52,,,,7,140,,8,,1,,,,9,ALLIANCE,
PAHANG,SUNGEI DUA LOCAL COUNCIL,,490,,157,,,242,3,332,,5,,,,,4,9,ALLIANCE,
PAHANG,SUNGEI RUAN LOCAL COUNCIL,,2509,,875,,,,21,1424,,9,,,,,,9,ALLIANCE,
PAHANG,TANJONG LUMPUR LOCAL COUNCIL,,,,,,,,,,8,1,,,,,,9,ALLIANCE,
PAHANG,TELEMONG LOCAL COUNCIL,,1312,,917,,,,17,553,,5,,5,,,,10,(NO CLEAR WINNER),
PAHANG,TRAS LOCAL COUNCIL,,491,,62,,,,3,284,,9,,,,,,9,ALLIANCE,
PAHANG,TRIANG LOCAL COUNCIL,,569,,286,,,,23,983,,11,,,,,,11,ALLIANCE,
SELANGOR,11TH MILE CHERAS LOCAL COUNCIL,,530,,203,,,66,15,413,,9,,,,,,9,ALLIANCE,
SELANGOR,18TH MILE ULU LANGAT LOCAL COUNCIL,,,,,,,,,,3,6,,,,,,9,ALLIANCE,
SELANGOR,9TH MILE CHERAS LOCAL COUNCIL,363,1036,,639,308,,75,24,1011,3,6,,3,,,,12,ALLIANCE,
SELANGOR,AMPANG LOCAL COUNCIL,,1059,,737,,585,609,68,4211,,5,,1,,4,2,12,(NO CLEAR WINNER),
SELANGOR,BALAKONG LOCAL COUNCIL,,627,,468,,,,24,507,,7,,2,,,,9,ALLIANCE,
SELANGOR,BATANG BERJUNTAI LOCAL COUNCIL,,,,,,,,,,1,3,,,,,,4,ALLIANCE,
SELANGOR,IJOK LOCAL COUNCIL,,814,91,,,,178,6,479,2,6,1,,,,,9,ALLIANCE,
SELANGOR,JENJAROM LOCAL COUNCIL,,2761,,1168,,,,44,1578,,12,,,,,,12,ALLIANCE,
SELANGOR,JERAM LOCAL COUNCIL,,,,,,,,,,,6,,,,,,6,ALLIANCE,
SELANGOR,JINJANG LOCAL COUNCIL,,2994,,2736,,,,84,7516,,7,,5,,,,12,ALLIANCE,
SELANGOR,KALUMPANG LOCAL COUNCIL,181,1549,,2758,,,168,24,1498,2,,,7,,,,9,SF,
SELANGOR,KAPAR LOCAL COUNCIL,271,1076,437,1169,,,,88,1311,5,4,1,2,,,,12,ALLIANCE,
SELANGOR,KUALA KUBU BAHRU LOCAL COUNCIL,,1095,537,686,,,,34,1365,2,5,2,,,,,9,ALLIANCE,
SELANGOR,MERU LOCAL COUNCIL,1318,,103,,,,1301,110,1537,3,2,1,,,,6,12,(NO CLEAR WINNER),
SELANGOR,SALAK SOUTH BAHRU LOCAL COUNCIL,,2466,,3676,,,,40,2696,,,,9,,,,9,SF,
SELANGOR,SEKINCHAN LOCAL COUNCIL,,2678,,1340,,,489,42,1938,,7,,,,,2,9,ALLIANCE,
SELANGOR,SERDANG BAHRU LOCAL COUNCIL,,1049,,1697,,,,20,4121,,3,,9,,,,12,SF,
SELANGOR,SUBANG LOCAL COUNCIL,,,,,,,,,,,8,,,,,,8,ALLIANCE,
SELANGOR,SUNGEI AYER TAWAR LOCAL COUNCIL,,,,,,,,,,3,5,,,,,,8,ALLIANCE,
SELANGOR,SUNGEI BESAR LOCAL COUNCIL,,,,,,,,,,3,5,,,,,,8,ALLIANCE,
SELANGOR,SUNGEI BULOH LOCAL COUNCIL,,1088,,605,,,,11,1123,,6,,2,,,,8,ALLIANCE,
SELANGOR,SUNGEI WAY LOCAL COUNCIL,,2848,,769,,,,13,2000,,9,,,,,,9,ALLIANCE,
SELANGOR,TANJONG KARANG LOCAL COUNCIL,351,951,,,190,,575,17,773,2,5,,,,,1,8,ALLIANCE,
SELANGOR,TANJONG SEPAT LOCAL COUNCIL,,2329,,2292,,,159,33,2045,,6,,6,,,,12,(NO CLEAR WINNER),
NEGRI SEMBILAN,BAHAU LOCAL COUNCIL,,3889,,2026,,,,84,3067,,9,,3,,,,12,ALLIANCE,
NEGRI SEMBILAN,GEDOK LOCAL COUNCIL,,387,58,,,,359,4,222,,6,1,,,,1,8,ALLIANCE,
NEGRI SEMBILAN,JIMAH LOCAL COUNCIL,58,195,,,,207,94,2,248,2,5,,,,1,1,9,ALLIANCE,
NEGRI SEMBILAN,JOHOL/AYER MAWANG LOCAL COUNCIL,,899,,347,,,88,10,746,,7,,2,,,,9,ALLIANCE,
NEGRI SEMBILAN,MAMBAU LOCAL COUNCIL,,1125,,145,,,85,19,649,,9,,,,,,9,ALLIANCE,
NEGRI SEMBILAN,MANTIN LOCAL COUNCIL,,1750,,1086,,,699,43,2244,,5,,4,,,3,12,(NO CLEAR WINNER),
NEGRI SEMBILAN,PAJAM LOCAL COUNCIL,,592,84,628,,,,18,498,,5,1,3,,,,9,ALLIANCE,
NEGRI SEMBILAN,PERTANG LOCAL COUNCIL,,542,,190,,,183,6,402,,8,,,,,1,9,ALLIANCE,
NEGRI SEMBILAN,RAHANG LOCAL COUNCIL,,1175,,920,,,,45,988,,8,,1,,,,9,ALLIANCE,
NEGRI SEMBILAN,RASAH LOCAL COUNCIL,,822,,1171,,,17,0,971,,3,,6,,,,9,SF,
NEGRI SEMBILAN,SUNGEI BULOH LOCAL COUNCIL,,,,,,,,,,8,,,,,,,8,ALLIANCE,
NEGRI SEMBILAN,TANJONG IPOH LOCAL COUNCIL,509,350,,,,,272,5,502,5,4,,,,,,9,ALLIANCE,
NEGRI SEMBILAN,TITI LOCAL COUNCIL,,1675,,1424,,,428,26,1421,,4,,7,,,1,12,SF,
JOHORE,AYER BALOI LOCAL COUNCIL,409,182,,,,,264,12,406,3,2,,,,,1,6,ALLIANCE,
JOHORE,AYER BEMBAN LOCAL COUNCIL,,611,,81,,,,5,318,,6,,,,,,6,ALLIANCE,
JOHORE,AYER HITAM LOCAL COUNCIL,119,121,,,,,194,4,269,1,5,,,,,,6,ALLIANCE,
JOHORE,BATU ANAM LOCAL COUNCIL,,880,,504,,,,6,577,,3,,3,,,,6,(NO CLEAR WINNER),
JOHORE,BEKOK LOCAL COUNCIL,,1403,,826,,,,54,1260,,8,,,,,,8,ALLIANCE,
JOHORE,BENUT LOCAL COUNCIL,,280,,,,,17,3,280,2,3,,,,,1,6,ALLIANCE,
JOHORE,BUKIT BAKRI LOCAL COUNCIL,,1425,,,,981,,31,1422,,6,,,,,,6,ALLIANCE,
JOHORE,BUKIT BATU LOCAL COUNCIL,,472,,314,,,,6,305,,6,,,,,,6,ALLIANCE,
JOHORE,BUKIT GAMBIR LOCAL COUNCIL,,2613,,196,,,155,21,1056,,8,,,,,,8,ALLIANCE,
JOHORE,BUKIT KANGKAR LOCAL COUNCIL,,1129,,147,,,,13,668,,6,,,,,,6,ALLIANCE,
JOHORE,BUKIT KEPONG LOCAL COUNCIL,,588,,31,,,,2,289,,6,,,,,,6,ALLIANCE,
JOHORE,BUKIT PASIR LOCAL COUNCIL,,936,,372,,,,8,797,,6,,,,,,6,ALLIANCE,
JOHORE,BUKIT SIPUT LOCAL COUNCIL,,1291,,1602,,,,243,861,,,,8,,,,8,SF,
JOHORE,BUKIT TUNGGAL LOCAL COUNCIL,122,,,,,,22,4,67,6,,,,,,,6,ALLIANCE,
JOHORE,BULOH KASAP LOCAL COUNCIL,,2615,,619,,,254,15,1034,,8,,,,,,8,ALLIANCE,
JOHORE,CHA'AH LOCAL COUNCIL,537,1452,,481,,,945,30,2116,2,6,,,,,,8,ALLIANCE,
JOHORE,CHAMEK LOCAL COUNCIL,121,571,,290,,,,51,394,1,5,,,,,,6,ALLIANCE,
JOHORE,ENDAU LOCAL COUNCIL,,,,,,,,,,5,3,,,,,,8,ALLIANCE,
JOHORE,GEMAS BAHRU LOCAL COUNCIL,,582,,477,,,,10,418,,3,,3,,,,6,(NO CLEAR WINNER),
JOHORE,GLANG PATAH LOCAL COUNCIL,,614,,417,,,,55,703,,5,,1,,,,6,ALLIANCE,
JOHORE,GRISEK LOCAL COUNCIL,,1071,,196,,,,34,460,,8,,,,,,8,ALLIANCE,
JOHORE,JEMALUANG LOCAL COUNCIL,,2793,,1425,,,,24,1094,,8,,,,,,8,ALLIANCE,
JOHORE,JEMENTAH LOCAL COUNCIL,,1304,,1627,,,,73,1777,,3,,5,,,,8,SF,
JOHORE,KAMPONG BAHRU LOCAL COUNCIL,,,,,,,,,,,,,,,,6,6,INDEPENDENTS,
JOHORE,KAMPONG GAJAH LOCAL COUNCIL,,,,,,,,,,,6,,,,,,6,ALLIANCE,
JOHORE,KAMPONG HUBONG LOCAL COUNCIL,,,,,,,,,,,6,,,,,,6,ALLIANCE,
JOHORE,KAMPONG KUNDANG ULU LOCAL COUNCIL,,,,,,,,,,2,4,,,,,,6,ALLIANCE,
JOHORE,KAMPONG PAYA LOCAL COUNCIL,,1058,,1022,,,1059,6,935,,,,4,,,4,8,(NO CLEAR WINNER),
JOHORE,KAMPONG TENGAH LOCAL COUNCIL,,386,,421,,,,46,312,,3,,3,,,,6,(NO CLEAR WINNER),
JOHORE,KANGKAR BAHRU LOCAL COUNCIL,,279,,76,,,,10,201,,6,,,,,,6,ALLIANCE,
JOHORE,KANGKAR KAHANG LOCAL COUNCIL,,1637,,,,1537,,26,977,,4,,,,4,,8,(NO CLEAR WINNER),
JOHORE,KANGKAR PULAI LOCAL COUNCIL,,729,151,636,,,,43,591,,5,1,,,,,6,ALLIANCE,
JOHORE,KANGKAR TEBRAU LOCAL COUNCIL,,,,,,,,,,,6,,,,,,6,ALLIANCE,
JOHORE,KEBUN BAHRU LOCAL COUNCIL,,281,,217,,,,2,192,,4,,2,,,,6,ALLIANCE,
JOHORE,KELAPA SAWIT LOCAL COUNCIL,,1031,,1007,,,,8,1200,,4,,2,,,,6,ALLIANCE,
JOHORE,KULAI LOCAL COUNCIL,421,2730,,2592,,,,35,3698,1,5,,2,,,,8,ALLIANCE,
JOHORE,LABIS LOCAL COUNCIL,316,1687,,1564,,,18,84,2463,2,4,,2,,,,8,ALLIANCE,
JOHORE,LAM LEE LOCAL COUNCIL,,96,,36,,,,0,72,,5,,1,,,,6,ALLIANCE,
JOHORE,LAYANG LAYANG LOCAL COUNCIL,280,1521,224,1488,,,,60,1122,1,6,1,,,,,8,ALLIANCE,
JOHORE,LENGA LOCAL COUNCIL,,421,,,,,212,4,416,,6,,,,,,6,ALLIANCE,
JOHORE,LIMA KEDAI LOCAL COUNCIL,62,316,,126,,,,9,233,1,5,,,,,,6,ALLIANCE,
JOHORE,MACHAP LOCAL COUNCIL,,,,,,,,,,,6,,,,,,6,ALLIANCE,
JOHORE,MASAI LOCAL COUNCIL,,202,63,163,,,,7,275,,5,1,,,,,6,ALLIANCE,
JOHORE,MERSING KECHIL LOCAL COUNCIL,,,,,,,,,,,5,1,,,,,6,ALLIANCE,
JOHORE,MINYAK BEKU LOCAL COUNCIL,,,,,,,,,,4,2,,,,,,6,ALLIANCE,
JOHORE,PAGOH LOCAL COUNCIL,222,1371,,465,,,,14,768,1,7,,,,,,8,ALLIANCE,
JOHORE,PALOH LOCAL COUNCIL,,2239,,327,,,857,204,1100,,8,,,,,,8,ALLIANCE,
JOHORE,PANCHOR LOCAL COUNCIL,,,,,,,,,,,6,,,,,,6,ALLIANCE,
JOHORE,PANDAN LOCAL COUNCIL,,297,,388,,,,6,400,,2,,4,,,,6,SF,
JOHORE,PARIT JAWA LOCAL COUNCIL,490,1476,,458,,,,30,797,2,6,,,,,,8,ALLIANCE,
JOHORE,PARIT RAJA LOCAL COUNCIL,364,645,,,,,238,46,664,2,4,,,,,,6,ALLIANCE,
JOHORE,PARIT SULONG LOCAL COUNCIL,351,405,,237,,,55,25,869,3,3,,,,,,6,ALLIANCE,
JOHORE,PARIT YA'ANI LOCAL COUNCIL,,,,,,,,,,,6,,,,,,6,ALLIANCE,
JOHORE,PASIR GOGOK LOCAL COUNCIL,87,133,,167,,,,36,228,1,1,,4,,,,6,SF,
JOHORE,PASIR PUTEH LOCAL COUNCIL,,,,,,,,,,6,,,,,,,6,ALLIANCE,
JOHORE,PAYA JAKAS LOCAL COUNCIL,,,,,,,,,,6,,,,,,,6,ALLIANCE,
JOHORE,PEKAN AYER PANAS LOCAL COUNCIL,471,114,,,,,675,15,601,1,,,,,,5,6,INDEPENDENTS,
JOHORE,PEKAN JABI LOCAL COUNCIL,,953,,714,,,,54,626,,6,,,,,,6,ALLIANCE,
JOHORE,PEKAN NANAS LOCAL COUNCIL,,2272,,2419,,,,29,2734,,4,,4,,,,8,(NO CLEAR WINNER),
JOHORE,PENGKALAN BATU LOCAL COUNCIL,,,,,,,,,,6,,,,,,,6,ALLIANCE,
JOHORE,PERMAS KECHIL LOCAL COUNCIL,,,,,,,,,,2,4,,,,,,6,ALLIANCE,
JOHORE,PLENTONG LOCAL COUNCIL,,448,,137,,,,7,257,,6,,,,,,6,ALLIANCE,
JOHORE,RENGAM LOCAL COUNCIL,,1915,,1083,,,,128,980,,8,,,,,,8,ALLIANCE,
JOHORE,RENGIT LOCAL COUNCIL,,432,,,,,56,3,305,,6,,,,,,6,ALLIANCE,
JOHORE,SAGIL LUAR LOCAL COUNCIL,,1799,,1184,,,,16,1001,,8,,,,,,8,ALLIANCE,
JOHORE,SALENG LOCAL COUNCIL,,713,,830,,,,5,553,,2,,4,,,,6,SF,
JOHORE,SEDENAK LOCAL COUNCIL,,920,,566,,,,14,535,,6,,,,,,6,ALLIANCE,
JOHORE,SEDILI BESAR LOCAL COUNCIL,,,,,,,,,,4,2,,,,,,6,ALLIANCE,
JOHORE,SEELONG LOCAL COUNCIL,,,,,,,,,,,6,,,,,,6,ALLIANCE,
JOHORE,SEMERAH LOCAL COUNCIL,,,,,,,,,,,6,,,,,,6,ALLIANCE,
JOHORE,SENAI LOCAL COUNCIL,,1623,,1053,,,,40,1644,,5,,1,,,,6,ALLIANCE,
JOHORE,SENGGARANG LOCAL COUNCIL,,1713,,1009,,,,28,800,,8,,,,,,8,ALLIANCE,
JOHORE,SENGKANG LOCAL COUNCIL,,,,,,,,,,,6,,,,,,6,ALLIANCE,
JOHORE,SEPANG LOI LOCAL COUNCIL,,,,,,,,,,6,,,,,,,6,ALLIANCE,
JOHORE,SEROM LOCAL COUNCIL,,,,,,,,,,,6,,,,,,6,ALLIANCE,
JOHORE,SIMPANG RENGAM LOCAL COUNCIL,,,,,,,,,,,,,8,,,,8,SF,
JOHORE,SKUDAI LOCAL COUNCIL,,690,,505,,,,29,714,,6,,,,,,6,ALLIANCE,
JOHORE,SRI GADING LOCAL COUNCIL,291,605,,151,,,40,19,520,2,4,,,,,,6,ALLIANCE,
JOHORE,SRI LALANG LOCAL COUNCIL,,1083,,786,,,,7,693,,6,,,,,,6,ALLIANCE,
JOHORE,SRI MEDAN LOCAL COUNCIL,,,,,,,,,,2,4,,,,,,6,ALLIANCE,
JOHORE,SRI PANTAI LOCAL COUNCIL,,,,,,,,,,6,,,,,,,6,ALLIANCE,
JOHORE,SUNGEI KARAS LOCAL COUNCIL,,,,368,,,99,7,186,,,,6,,,,6,SF,
JOHORE,SUNGEI MATI LOCAL COUNCIL,,,,,,,,,,2,4,,,,,,6,ALLIANCE,
JOHORE,SUNGEI RENGIT LOCAL COUNCIL,234,316,,122,,,51,46,580,3,5,,,,,,8,ALLIANCE,
JOHORE,SUNGEI SAYONG LOCAL COUNCIL,,191,,232,,,,9,164,,3,,3,,,,6,(NO CLEAR WINNER),
JOHORE,TANGKAK LOCAL COUNCIL,1958,3387,,4611,,,,135,3519,2,4,,2,,,,8,ALLIANCE,
JOHORE,TELOK SENGAT LOCAL COUNCIL,,,,,,,,,,2,4,,,,,,6,ALLIANCE,
JOHORE,TONGKANG PECHAH LOCAL COUNCIL,,,,,,,,,,2,4,,,,,,6,ALLIANCE,
JOHORE,ULU CHOH LOCAL COUNCIL,,688,,639,,,,19,517,,3,,3,,,,6,(NO CLEAR WINNER),
JOHORE,ULU TIRAM LOCAL COUNCIL,,1034,,1151,,,,12,1395,,4,,4,,,,8,(NO CLEAR WINNER),
JOHORE,YONG PENG LOCAL COUNCIL,,4275,,3584,,,55,69,2503,,7,,1,,,,8,ALLIANCE,
