LOCAL AUTHORITY AREA,LOCAL AUTHORITY WARD,COALITION/PARTY/VOTE CATEGORY,CANDIDATE NAME,CANDIDATE SEX,CANDIDATE AGE,VOTES,STATUS,UNCONTESTED VICTORY
LOCAL AUTHORITY AREA OF CITY COUNCIL OF GEORGE TOWN,PADANG BROWN WARD,SF,LIM KEAN SIEW,MALE,,3218,WON,
LOCAL AUTHORITY AREA OF CITY COUNCIL OF GEORGE TOWN,PADANG BROWN WARD,ALLIANCE - UMNO,J.M. HARRIS ,MALE,,1668,LOST,
LOCAL AUTHORITY AREA OF CITY COUNCIL OF GEORGE TOWN,PADANG BROWN WARD,REJECTED BALLOT PAPERS,,,,62,,
LOCAL AUTHORITY AREA OF CITY COUNCIL OF GEORGE TOWN,PADANG BROWN WARD,TOTAL BALLOTS ISSUED,,,,4948,,
LOCAL AUTHORITY AREA OF CITY COUNCIL OF GEORGE TOWN,PADANG BROWN WARD,TOTAL ELECTORATE,,,,6659,,
LOCAL AUTHORITY AREA OF CITY COUNCIL OF GEORGE TOWN,PADANG BROWN WARD,TURNOUT (%),,,,74.3,,
LOCAL AUTHORITY AREA OF CITY COUNCIL OF GEORGE TOWN,KAMPONG MANGGIS WARD,SF,TAN CHONG BEE,MALE,,3253,WON,
LOCAL AUTHORITY AREA OF CITY COUNCIL OF GEORGE TOWN,KAMPONG MANGGIS WARD,ALLIANCE - MCA,FONG LOON,MALE,,1815,LOST,
LOCAL AUTHORITY AREA OF CITY COUNCIL OF GEORGE TOWN,KAMPONG MANGGIS WARD,REJECTED BALLOT PAPERS,,,,68,,
LOCAL AUTHORITY AREA OF CITY COUNCIL OF GEORGE TOWN,KAMPONG MANGGIS WARD,TOTAL BALLOTS ISSUED,,,,5136,,
LOCAL AUTHORITY AREA OF CITY COUNCIL OF GEORGE TOWN,KAMPONG MANGGIS WARD,TOTAL ELECTORATE,,,,7109,,
LOCAL AUTHORITY AREA OF CITY COUNCIL OF GEORGE TOWN,KAMPONG MANGGIS WARD,TURNOUT (%),,,,72.2,,
LOCAL AUTHORITY AREA OF CITY COUNCIL OF GEORGE TOWN,PRANGIN WARD,SF,LOH BAN HIN,,,3266,WON,
LOCAL AUTHORITY AREA OF CITY COUNCIL OF GEORGE TOWN,PRANGIN WARD,ALLIANCE - MCA,TEH CHYE THUAN,MALE,,1260,LOST,
LOCAL AUTHORITY AREA OF CITY COUNCIL OF GEORGE TOWN,PRANGIN WARD,REJECTED BALLOT PAPERS,,,,64,,
LOCAL AUTHORITY AREA OF CITY COUNCIL OF GEORGE TOWN,PRANGIN WARD,TOTAL BALLOTS ISSUED,,,,4590,,
LOCAL AUTHORITY AREA OF CITY COUNCIL OF GEORGE TOWN,PRANGIN WARD,TOTAL ELECTORATE,,,,5706,,
LOCAL AUTHORITY AREA OF CITY COUNCIL OF GEORGE TOWN,PRANGIN WARD,TURNOUT (%),,,,80.4,,
LOCAL AUTHORITY AREA OF CITY COUNCIL OF GEORGE TOWN,KILANG PAPAN WARD,ALLIANCE - MCA,TAN BOON CHONG,,,850,LOST,
LOCAL AUTHORITY AREA OF CITY COUNCIL OF GEORGE TOWN,KILANG PAPAN WARD,SF,N. PATKUNAM,MALE,,3104,WON,
LOCAL AUTHORITY AREA OF CITY COUNCIL OF GEORGE TOWN,KILANG PAPAN WARD,REJECTED BALLOT PAPERS,,,,28,,
LOCAL AUTHORITY AREA OF CITY COUNCIL OF GEORGE TOWN,KILANG PAPAN WARD,TOTAL BALLOTS ISSUED,,,,3982,,
LOCAL AUTHORITY AREA OF CITY COUNCIL OF GEORGE TOWN,KILANG PAPAN WARD,TOTAL ELECTORATE,,,,4695,,
LOCAL AUTHORITY AREA OF CITY COUNCIL OF GEORGE TOWN,KILANG PAPAN WARD,TURNOUT (%),,,,84.8,,
LOCAL AUTHORITY AREA OF CITY COUNCIL OF GEORGE TOWN,CHOWRASTA WARD,ALLIANCE - MCA,OOI POH LEONG,MALE,,2125,LOST,
LOCAL AUTHORITY AREA OF CITY COUNCIL OF GEORGE TOWN,CHOWRASTA WARD,SF,KANG ENG WAH,,,2940,WON,
LOCAL AUTHORITY AREA OF CITY COUNCIL OF GEORGE TOWN,CHOWRASTA WARD,REJECTED BALLOT PAPERS,,,,59,,
LOCAL AUTHORITY AREA OF CITY COUNCIL OF GEORGE TOWN,CHOWRASTA WARD,TOTAL BALLOTS ISSUED,,,,5124,,
LOCAL AUTHORITY AREA OF CITY COUNCIL OF GEORGE TOWN,CHOWRASTA WARD,TOTAL ELECTORATE,,,,6856,,
LOCAL AUTHORITY AREA OF CITY COUNCIL OF GEORGE TOWN,CHOWRASTA WARD,TURNOUT (%),,,,74.7,,
LOCAL AUTHORITY AREA OF CITY COUNCIL OF GEORGE TOWN,KAMPONG EMBON WARD,SF,YAP POH HONG,,,2837,WON,
LOCAL AUTHORITY AREA OF CITY COUNCIL OF GEORGE TOWN,KAMPONG EMBON WARD,ALLIANCE - MCA,CHEAH CHENG POH,,,1679,LOST,
LOCAL AUTHORITY AREA OF CITY COUNCIL OF GEORGE TOWN,KAMPONG EMBON WARD,REJECTED BALLOT PAPERS,,,,51,,
LOCAL AUTHORITY AREA OF CITY COUNCIL OF GEORGE TOWN,KAMPONG EMBON WARD,TOTAL BALLOTS ISSUED,,,,4567,,
LOCAL AUTHORITY AREA OF CITY COUNCIL OF GEORGE TOWN,KAMPONG EMBON WARD,TOTAL ELECTORATE,,,,6039,,
LOCAL AUTHORITY AREA OF CITY COUNCIL OF GEORGE TOWN,KAMPONG EMBON WARD,TURNOUT (%),,,,75.6,,
LOCAL AUTHORITY AREA OF CITY COUNCIL OF GEORGE TOWN,SUNGEI UJONG WARD,SF,WONG CHOONG WOH,MALE,,2922,WON,
LOCAL AUTHORITY AREA OF CITY COUNCIL OF GEORGE TOWN,SUNGEI UJONG WARD,ALLIANCE - MCA,LIANG JUEN CHEW,MALE,,1894,LOST,
LOCAL AUTHORITY AREA OF CITY COUNCIL OF GEORGE TOWN,SUNGEI UJONG WARD,REJECTED BALLOT PAPERS,,,,55,,
LOCAL AUTHORITY AREA OF CITY COUNCIL OF GEORGE TOWN,SUNGEI UJONG WARD,TOTAL BALLOTS ISSUED,,,,4871,,
LOCAL AUTHORITY AREA OF CITY COUNCIL OF GEORGE TOWN,SUNGEI UJONG WARD,TOTAL ELECTORATE,,,,6209,,
LOCAL AUTHORITY AREA OF CITY COUNCIL OF GEORGE TOWN,SUNGEI UJONG WARD,TURNOUT (%),,,,78.5,,
LOCAL AUTHORITY AREA OF CITY COUNCIL OF GEORGE TOWN,PENGKALAN WARD,SF,D.S. RAMANATHAN,MALE,,2085,WON,
LOCAL AUTHORITY AREA OF CITY COUNCIL OF GEORGE TOWN,PENGKALAN WARD,ALLIANCE - MCA,CHOONG HAN LEONG @ CHOONG TIAN LYE,,,1565,LOST,
LOCAL AUTHORITY AREA OF CITY COUNCIL OF GEORGE TOWN,PENGKALAN WARD,REJECTED BALLOT PAPERS,,,,57,,
LOCAL AUTHORITY AREA OF CITY COUNCIL OF GEORGE TOWN,PENGKALAN WARD,TOTAL BALLOTS ISSUED,,,,3707,,
LOCAL AUTHORITY AREA OF CITY COUNCIL OF GEORGE TOWN,PENGKALAN WARD,TOTAL ELECTORATE,,,,5157,,
LOCAL AUTHORITY AREA OF CITY COUNCIL OF GEORGE TOWN,PENGKALAN WARD,TURNOUT (%),,,,71.9,,
LOCAL AUTHORITY AREA OF CITY COUNCIL OF GEORGE TOWN,PAHAT BATU WARD,ALLIANCE - MCA,LIM SENG KOK,MALE,,1491,LOST,
LOCAL AUTHORITY AREA OF CITY COUNCIL OF GEORGE TOWN,PAHAT BATU WARD,SF,LEE KOK LIANG,MALE,,4055,WON,
LOCAL AUTHORITY AREA OF CITY COUNCIL OF GEORGE TOWN,PAHAT BATU WARD,REJECTED BALLOT PAPERS,,,,66,,
LOCAL AUTHORITY AREA OF CITY COUNCIL OF GEORGE TOWN,PAHAT BATU WARD,TOTAL BALLOTS ISSUED,,,,5612,,
LOCAL AUTHORITY AREA OF CITY COUNCIL OF GEORGE TOWN,PAHAT BATU WARD,TOTAL ELECTORATE,,,,6988,,
LOCAL AUTHORITY AREA OF CITY COUNCIL OF GEORGE TOWN,PAHAT BATU WARD,TURNOUT (%),,,,80.4,,
LOCAL AUTHORITY AREA OF CITY COUNCIL OF GEORGE TOWN,GREEN GARDEN WARD,ALLIANCE - UMNO,H.E. TYEBKHAN,MALE,,1450,LOST,
LOCAL AUTHORITY AREA OF CITY COUNCIL OF GEORGE TOWN,GREEN GARDEN WARD,INDEPENDENT,P.K. KESAVAN,MALE,,357,LOST,
LOCAL AUTHORITY AREA OF CITY COUNCIL OF GEORGE TOWN,GREEN GARDEN WARD,SF,OOI THIAM SIEW,MALE,,2184,WON,
LOCAL AUTHORITY AREA OF CITY COUNCIL OF GEORGE TOWN,GREEN GARDEN WARD,REJECTED BALLOT PAPERS,,,,47,,
LOCAL AUTHORITY AREA OF CITY COUNCIL OF GEORGE TOWN,GREEN GARDEN WARD,TOTAL BALLOTS ISSUED,,,,4038,,
LOCAL AUTHORITY AREA OF CITY COUNCIL OF GEORGE TOWN,GREEN GARDEN WARD,TOTAL ELECTORATE,,,,5513,,
LOCAL AUTHORITY AREA OF CITY COUNCIL OF GEORGE TOWN,GREEN GARDEN WARD,TURNOUT (%),,,,73.3,,
LOCAL AUTHORITY AREA OF CITY COUNCIL OF GEORGE TOWN,KAMPONG SELUT WARD,ALLIANCE - UMNO,NYAK HASHIM BIN NYAK PUTEH,MALE,,1757,LOST,
LOCAL AUTHORITY AREA OF CITY COUNCIL OF GEORGE TOWN,KAMPONG SELUT WARD,SF,MD. ARSHAD B. MD. YUSOFF,MALE,,2591,WON,
LOCAL AUTHORITY AREA OF CITY COUNCIL OF GEORGE TOWN,KAMPONG SELUT WARD,REJECTED BALLOT PAPERS,,,,119,,
LOCAL AUTHORITY AREA OF CITY COUNCIL OF GEORGE TOWN,KAMPONG SELUT WARD,TOTAL BALLOTS ISSUED,,,,4467,,
LOCAL AUTHORITY AREA OF CITY COUNCIL OF GEORGE TOWN,KAMPONG SELUT WARD,TOTAL ELECTORATE,,,,5943,,
LOCAL AUTHORITY AREA OF CITY COUNCIL OF GEORGE TOWN,KAMPONG SELUT WARD,TURNOUT (%),,,,75.1,,
LOCAL AUTHORITY AREA OF CITY COUNCIL OF GEORGE TOWN,KAMPONG PULAU WARD,SF,HO EWE SENG,,,2472,WON,
LOCAL AUTHORITY AREA OF CITY COUNCIL OF GEORGE TOWN,KAMPONG PULAU WARD,ALLIANCE - MCA,EWE TEE GIM,MALE,,550,LOST,
LOCAL AUTHORITY AREA OF CITY COUNCIL OF GEORGE TOWN,KAMPONG PULAU WARD,PPP,KHOO YAT SEE,,,1283,LOST,
LOCAL AUTHORITY AREA OF CITY COUNCIL OF GEORGE TOWN,KAMPONG PULAU WARD,REJECTED BALLOT PAPERS,,,,53,,
LOCAL AUTHORITY AREA OF CITY COUNCIL OF GEORGE TOWN,KAMPONG PULAU WARD,TOTAL BALLOTS ISSUED,,,,4358,,
LOCAL AUTHORITY AREA OF CITY COUNCIL OF GEORGE TOWN,KAMPONG PULAU WARD,TOTAL ELECTORATE,,,,5425,,
LOCAL AUTHORITY AREA OF CITY COUNCIL OF GEORGE TOWN,KAMPONG PULAU WARD,TURNOUT (%),,,,80.3,,
LOCAL AUTHORITY AREA OF CITY COUNCIL OF GEORGE TOWN,KAMPONG TENGKU WARD,ALLIANCE - UMNO,M.S.A. ZACHARIAH,MALE,,1926,LOST,
LOCAL AUTHORITY AREA OF CITY COUNCIL OF GEORGE TOWN,KAMPONG TENGKU WARD,SF,CHEW TAI CHENG,,,3155,WON,
LOCAL AUTHORITY AREA OF CITY COUNCIL OF GEORGE TOWN,KAMPONG TENGKU WARD,REJECTED BALLOT PAPERS,,,,85,,
LOCAL AUTHORITY AREA OF CITY COUNCIL OF GEORGE TOWN,KAMPONG TENGKU WARD,TOTAL BALLOTS ISSUED,,,,5166,,
LOCAL AUTHORITY AREA OF CITY COUNCIL OF GEORGE TOWN,KAMPONG TENGKU WARD,TOTAL ELECTORATE,,,,6619,,
LOCAL AUTHORITY AREA OF CITY COUNCIL OF GEORGE TOWN,KAMPONG TENGKU WARD,TURNOUT (%),,,,78,,
LOCAL AUTHORITY AREA OF CITY COUNCIL OF GEORGE TOWN,SUNGEI AYER TERJUN WARD,ALLIANCE - MIC,JAG-GIT SINGH,MALE,,1871,LOST,
LOCAL AUTHORITY AREA OF CITY COUNCIL OF GEORGE TOWN,SUNGEI AYER TERJUN WARD,SF,CHANG PO JUNG,MALE,,1907,WON,
LOCAL AUTHORITY AREA OF CITY COUNCIL OF GEORGE TOWN,SUNGEI AYER TERJUN WARD,REJECTED BALLOT PAPERS,,,,90,,
LOCAL AUTHORITY AREA OF CITY COUNCIL OF GEORGE TOWN,SUNGEI AYER TERJUN WARD,TOTAL BALLOTS ISSUED,,,,3868,,
LOCAL AUTHORITY AREA OF CITY COUNCIL OF GEORGE TOWN,SUNGEI AYER TERJUN WARD,TOTAL ELECTORATE,,,,5361,,
LOCAL AUTHORITY AREA OF CITY COUNCIL OF GEORGE TOWN,SUNGEI AYER TERJUN WARD,TURNOUT (%),,,,72.2,,
LOCAL AUTHORITY AREA OF CITY COUNCIL OF GEORGE TOWN,VICTORIA GREEN WARD,SF,KHOO TENG KOK,,,1530,LOST,
LOCAL AUTHORITY AREA OF CITY COUNCIL OF GEORGE TOWN,VICTORIA GREEN WARD,ALLIANCE - MCA,CHOONG EWE LEONG,MALE,,2413,WON,
LOCAL AUTHORITY AREA OF CITY COUNCIL OF GEORGE TOWN,VICTORIA GREEN WARD,REJECTED BALLOT PAPERS,,,,63,,
LOCAL AUTHORITY AREA OF CITY COUNCIL OF GEORGE TOWN,VICTORIA GREEN WARD,TOTAL BALLOTS ISSUED,,,,4006,,
LOCAL AUTHORITY AREA OF CITY COUNCIL OF GEORGE TOWN,VICTORIA GREEN WARD,TOTAL ELECTORATE,,,,6254,,
LOCAL AUTHORITY AREA OF CITY COUNCIL OF GEORGE TOWN,VICTORIA GREEN WARD,TURNOUT (%),,,,64,,
"LOCAL AUTHORITY AREA OF RURAL DISTRICT COUNCIL, PENANG ISLAND",RELAU WARD,ALLIANCE - MCA,TEH POH HUA,MALE,,,WON,Y
"LOCAL AUTHORITY AREA OF RURAL DISTRICT COUNCIL, PENANG ISLAND",SUNGEI NIBONG WARD,ALLIANCE - MCA,CHANG CHENG GUAN,MALE,,,WON,Y
"LOCAL AUTHORITY AREA OF RURAL DISTRICT COUNCIL, PENANG ISLAND",BUKIT GAMBIER WARD,ALLIANCE - UMNO,A. GHANI BIN MD. SULTAN,MALE,,,WON,Y
"LOCAL AUTHORITY AREA OF RURAL DISTRICT COUNCIL, PENANG ISLAND",BUKIT GEMUROH WARD,ALLIANCE - UMNO,NOORDIN B. M.AROF,MALE,,1455,WON,
"LOCAL AUTHORITY AREA OF RURAL DISTRICT COUNCIL, PENANG ISLAND",BUKIT GEMUROH WARD,SF,DARUS BIN DRAMAN,MALE,,691,LOST,
"LOCAL AUTHORITY AREA OF RURAL DISTRICT COUNCIL, PENANG ISLAND",BUKIT GEMUROH WARD,REJECTED BALLOT PAPERS,,,,63,,
"LOCAL AUTHORITY AREA OF RURAL DISTRICT COUNCIL, PENANG ISLAND",BUKIT GEMUROH WARD,TOTAL BALLOTS ISSUED,,,,2209,,
"LOCAL AUTHORITY AREA OF RURAL DISTRICT COUNCIL, PENANG ISLAND",BUKIT GEMUROH WARD,TOTAL ELECTORATE,,,,2652,,
"LOCAL AUTHORITY AREA OF RURAL DISTRICT COUNCIL, PENANG ISLAND",BUKIT GEMUROH WARD,TURNOUT (%),,,,83.3,,
"LOCAL AUTHORITY AREA OF RURAL DISTRICT COUNCIL, PENANG ISLAND",PENGKALAN TERBANG WARD,SF,TAN YAN HUI,,,596,LOST,
"LOCAL AUTHORITY AREA OF RURAL DISTRICT COUNCIL, PENANG ISLAND",PENGKALAN TERBANG WARD,ALLIANCE - UMNO,HAJI H.A. AZYZE BIN AL HAJ MAKHANA @ HAJI H.A. AZYZE,MALE,,2082,WON,
"LOCAL AUTHORITY AREA OF RURAL DISTRICT COUNCIL, PENANG ISLAND",PENGKALAN TERBANG WARD,REJECTED BALLOT PAPERS,,,,99,,
"LOCAL AUTHORITY AREA OF RURAL DISTRICT COUNCIL, PENANG ISLAND",PENGKALAN TERBANG WARD,TOTAL BALLOTS ISSUED,,,,2777,,
"LOCAL AUTHORITY AREA OF RURAL DISTRICT COUNCIL, PENANG ISLAND",PENGKALAN TERBANG WARD,TOTAL ELECTORATE,,,,3319,,
"LOCAL AUTHORITY AREA OF RURAL DISTRICT COUNCIL, PENANG ISLAND",PENGKALAN TERBANG WARD,TURNOUT (%),,,,83.7,,
"LOCAL AUTHORITY AREA OF RURAL DISTRICT COUNCIL, PENANG ISLAND",PUCHAT MUKA WARD,ALLIANCE - UMNO,HASSAN BIN ABAS,MALE,,984,WON,
"LOCAL AUTHORITY AREA OF RURAL DISTRICT COUNCIL, PENANG ISLAND",PUCHAT MUKA WARD,SF,TAN CHIN HOE,,,931,LOST,
"LOCAL AUTHORITY AREA OF RURAL DISTRICT COUNCIL, PENANG ISLAND",PUCHAT MUKA WARD,REJECTED BALLOT PAPERS,,,,37,,
"LOCAL AUTHORITY AREA OF RURAL DISTRICT COUNCIL, PENANG ISLAND",PUCHAT MUKA WARD,TOTAL BALLOTS ISSUED,,,,1952,,
"LOCAL AUTHORITY AREA OF RURAL DISTRICT COUNCIL, PENANG ISLAND",PUCHAT MUKA WARD,TOTAL ELECTORATE,,,,2567,,
"LOCAL AUTHORITY AREA OF RURAL DISTRICT COUNCIL, PENANG ISLAND",PUCHAT MUKA WARD,TURNOUT (%),,,,76,,
"LOCAL AUTHORITY AREA OF RURAL DISTRICT COUNCIL, PENANG ISLAND",SUNGEI KOROK WARD,SF,OTHMAN BIN SALLEH,MALE,,1233,WON,
"LOCAL AUTHORITY AREA OF RURAL DISTRICT COUNCIL, PENANG ISLAND",SUNGEI KOROK WARD,ALLIANCE - UMNO,HJ. SHARIFF BIN HJ. MAHMUD,MALE,,1045,LOST,
"LOCAL AUTHORITY AREA OF RURAL DISTRICT COUNCIL, PENANG ISLAND",SUNGEI KOROK WARD,REJECTED BALLOT PAPERS,,,,26,,
"LOCAL AUTHORITY AREA OF RURAL DISTRICT COUNCIL, PENANG ISLAND",SUNGEI KOROK WARD,TOTAL BALLOTS ISSUED,,,,2304,,
"LOCAL AUTHORITY AREA OF RURAL DISTRICT COUNCIL, PENANG ISLAND",SUNGEI KOROK WARD,TOTAL ELECTORATE,,,,2851,,
"LOCAL AUTHORITY AREA OF RURAL DISTRICT COUNCIL, PENANG ISLAND",SUNGEI KOROK WARD,TURNOUT (%),,,,80.8,,
"LOCAL AUTHORITY AREA OF RURAL DISTRICT COUNCIL, PENANG ISLAND",BATU ITAM WARD,SF,KON FOOK SIONG,,,892,LOST,
"LOCAL AUTHORITY AREA OF RURAL DISTRICT COUNCIL, PENANG ISLAND",BATU ITAM WARD,ALLIANCE - MCA,TAN JIT SENG,MALE,,1128,WON,
"LOCAL AUTHORITY AREA OF RURAL DISTRICT COUNCIL, PENANG ISLAND",BATU ITAM WARD,REJECTED BALLOT PAPERS,,,,22,,
"LOCAL AUTHORITY AREA OF RURAL DISTRICT COUNCIL, PENANG ISLAND",BATU ITAM WARD,TOTAL BALLOTS ISSUED,,,,2042,,
"LOCAL AUTHORITY AREA OF RURAL DISTRICT COUNCIL, PENANG ISLAND",BATU ITAM WARD,TOTAL ELECTORATE,,,,2719,,
"LOCAL AUTHORITY AREA OF RURAL DISTRICT COUNCIL, PENANG ISLAND",BATU ITAM WARD,TURNOUT (%),,,,75.1,,
"LOCAL AUTHORITY AREA OF RURAL DISTRICT COUNCIL, PENANG ISLAND",SUNGEI NIPAH WARD,SF,AHMAD B. KASA,MALE,,602,LOST,
"LOCAL AUTHORITY AREA OF RURAL DISTRICT COUNCIL, PENANG ISLAND",SUNGEI NIPAH WARD,ALLIANCE - UMNO,HASHIM BIN TEH,MALE,,1172,WON,
"LOCAL AUTHORITY AREA OF RURAL DISTRICT COUNCIL, PENANG ISLAND",SUNGEI NIPAH WARD,REJECTED BALLOT PAPERS,,,,27,,
"LOCAL AUTHORITY AREA OF RURAL DISTRICT COUNCIL, PENANG ISLAND",SUNGEI NIPAH WARD,TOTAL BALLOTS ISSUED,,,,1801,,
"LOCAL AUTHORITY AREA OF RURAL DISTRICT COUNCIL, PENANG ISLAND",SUNGEI NIPAH WARD,TOTAL ELECTORATE,,,,2284,,
"LOCAL AUTHORITY AREA OF RURAL DISTRICT COUNCIL, PENANG ISLAND",SUNGEI NIPAH WARD,TURNOUT (%),,,,78.9,,
"LOCAL AUTHORITY AREA OF RURAL DISTRICT COUNCIL, PENANG ISLAND",BUKIT BENDERA WARD,ALLIANCE - MCA,CHOR SIN KHENG,MALE,,1173,WON,
"LOCAL AUTHORITY AREA OF RURAL DISTRICT COUNCIL, PENANG ISLAND",BUKIT BENDERA WARD,SF,CHONG SIN HEE,,,918,LOST,
"LOCAL AUTHORITY AREA OF RURAL DISTRICT COUNCIL, PENANG ISLAND",BUKIT BENDERA WARD,REJECTED BALLOT PAPERS,,,,16,,
"LOCAL AUTHORITY AREA OF RURAL DISTRICT COUNCIL, PENANG ISLAND",BUKIT BENDERA WARD,TOTAL BALLOTS ISSUED,,,,2107,,
"LOCAL AUTHORITY AREA OF RURAL DISTRICT COUNCIL, PENANG ISLAND",BUKIT BENDERA WARD,TOTAL ELECTORATE,,,,2651,,
"LOCAL AUTHORITY AREA OF RURAL DISTRICT COUNCIL, PENANG ISLAND",BUKIT BENDERA WARD,TURNOUT (%),,,,79.5,,
"LOCAL AUTHORITY AREA OF RURAL DISTRICT COUNCIL, PENANG ISLAND",AYER PUTEH WARD,SF,NG HAM HOP,,,883,LOST,
"LOCAL AUTHORITY AREA OF RURAL DISTRICT COUNCIL, PENANG ISLAND",AYER PUTEH WARD,ALLIANCE - MIC,P. AMALADAS @ P.A. DAS,MALE,,918,WON,
"LOCAL AUTHORITY AREA OF RURAL DISTRICT COUNCIL, PENANG ISLAND",AYER PUTEH WARD,REJECTED BALLOT PAPERS,,,,26,,
"LOCAL AUTHORITY AREA OF RURAL DISTRICT COUNCIL, PENANG ISLAND",AYER PUTEH WARD,TOTAL BALLOTS ISSUED,,,,1827,,
"LOCAL AUTHORITY AREA OF RURAL DISTRICT COUNCIL, PENANG ISLAND",AYER PUTEH WARD,TOTAL ELECTORATE,,,,2685,,
"LOCAL AUTHORITY AREA OF RURAL DISTRICT COUNCIL, PENANG ISLAND",AYER PUTEH WARD,TURNOUT (%),,,,68,,
"LOCAL AUTHORITY AREA OF RURAL DISTRICT COUNCIL, PENANG ISLAND",THEAN TEIK WARD,SF,TAN PUAH KIU,,,1076,LOST,
"LOCAL AUTHORITY AREA OF RURAL DISTRICT COUNCIL, PENANG ISLAND",THEAN TEIK WARD,ALLIANCE - MCA,KHOO BOO SOON,MALE,,1143,WON,
"LOCAL AUTHORITY AREA OF RURAL DISTRICT COUNCIL, PENANG ISLAND",THEAN TEIK WARD,REJECTED BALLOT PAPERS,,,,12,,
"LOCAL AUTHORITY AREA OF RURAL DISTRICT COUNCIL, PENANG ISLAND",THEAN TEIK WARD,TOTAL BALLOTS ISSUED,,,,2231,,
"LOCAL AUTHORITY AREA OF RURAL DISTRICT COUNCIL, PENANG ISLAND",THEAN TEIK WARD,TOTAL ELECTORATE,,,,2733,,
"LOCAL AUTHORITY AREA OF RURAL DISTRICT COUNCIL, PENANG ISLAND",THEAN TEIK WARD,TURNOUT (%),,,,81.6,,
"LOCAL AUTHORITY AREA OF RURAL DISTRICT COUNCIL, PENANG ISLAND",PAYA TERUBONG WARD,ALLIANCE - MCA,CHAN HUP SOON,MALE,,806,LOST,
"LOCAL AUTHORITY AREA OF RURAL DISTRICT COUNCIL, PENANG ISLAND",PAYA TERUBONG WARD,SF,TAN EE HWA,,,1487,WON,
"LOCAL AUTHORITY AREA OF RURAL DISTRICT COUNCIL, PENANG ISLAND",PAYA TERUBONG WARD,REJECTED BALLOT PAPERS,,,,13,,
"LOCAL AUTHORITY AREA OF RURAL DISTRICT COUNCIL, PENANG ISLAND",PAYA TERUBONG WARD,TOTAL ELECTORATE,,,,2936,,
"LOCAL AUTHORITY AREA OF RURAL DISTRICT COUNCIL, PENANG ISLAND",PAYA TERUBONG WARD,TOTAL BALLOTS ISSUED,,,,4436,,
"LOCAL AUTHORITY AREA OF RURAL DISTRICT COUNCIL, PENANG ISLAND",PAYA TERUBONG WARD,TURNOUT (%),,,,78.5,,
"LOCAL AUTHORITY AREA OF RURAL DISTRICT COUNCIL, PENANG ISLAND",BATU FERRINGGI WARD,ALLIANCE - MCA,GEH CHONG KEAT,MALE,,1406,WON,
"LOCAL AUTHORITY AREA OF RURAL DISTRICT COUNCIL, PENANG ISLAND",BATU FERRINGGI WARD,SF,ZULKIFLI BIN NAYAN,MALE,,700,LOST,
"LOCAL AUTHORITY AREA OF RURAL DISTRICT COUNCIL, PENANG ISLAND",BATU FERRINGGI WARD,REJECTED BALLOT PAPERS,,,,41,,
"LOCAL AUTHORITY AREA OF RURAL DISTRICT COUNCIL, PENANG ISLAND",BATU FERRINGGI WARD,TOTAL BALLOTS ISSUED,,,,2147,,
"LOCAL AUTHORITY AREA OF RURAL DISTRICT COUNCIL, PENANG ISLAND",BATU FERRINGGI WARD,TOTAL ELECTORATE,,,,2679,,
"LOCAL AUTHORITY AREA OF RURAL DISTRICT COUNCIL, PENANG ISLAND",BATU FERRINGGI WARD,TURNOUT (%),,,,80,,
"LOCAL AUTHORITY AREA OF RURAL DISTRICT COUNCIL, PENANG ISLAND",PANTAI MOLEK WARD,SF,CHEAH SIN KANG,,,980,LOST,
"LOCAL AUTHORITY AREA OF RURAL DISTRICT COUNCIL, PENANG ISLAND",PANTAI MOLEK WARD,ALLIANCE - UMNO,MUSTAFFA B. SHAIKH IBRAHIM,MALE,,1693,WON,
"LOCAL AUTHORITY AREA OF RURAL DISTRICT COUNCIL, PENANG ISLAND",PANTAI MOLEK WARD,REJECTED BALLOT PAPERS,,,,53,,
"LOCAL AUTHORITY AREA OF RURAL DISTRICT COUNCIL, PENANG ISLAND",PANTAI MOLEK WARD,TOTAL BALLOTS ISSUED,,,,2726,,
"LOCAL AUTHORITY AREA OF RURAL DISTRICT COUNCIL, PENANG ISLAND",PANTAI MOLEK WARD,TOTAL ELECTORATE,,,,3612,,
"LOCAL AUTHORITY AREA OF RURAL DISTRICT COUNCIL, PENANG ISLAND",PANTAI MOLEK WARD,TURNOUT (%),,,,75.5,,
"LOCAL AUTHORITY AREA OF DISTRICT COUNCIL NORTH, PROVINCE WELLESLEY",BAKAU TUA WARD,ALLIANCE - UMNO,KHALID BIN HAJI HASHIM,MALE,,,WON,Y
"LOCAL AUTHORITY AREA OF DISTRICT COUNCIL NORTH, PROVINCE WELLESLEY",LAHAR MINYAK WARD,ALLIANCE - UMNO,HAJI AHMAD BIN SAID,MALE,,,WON,Y
"LOCAL AUTHORITY AREA OF DISTRICT COUNCIL NORTH, PROVINCE WELLESLEY",LAHAR TABUT WARD,ALLIANCE - UMNO,HAJI ABDUL KADIR BIN HAJI HASSAN,MALE,,,WON,Y
"LOCAL AUTHORITY AREA OF DISTRICT COUNCIL NORTH, PROVINCE WELLESLEY",BUMBONG LIMA WARD,ALLIANCE - UMNO,HAJI AHMAD BIN HAJI A. FAHIN,MALE,,,WON,Y
"LOCAL AUTHORITY AREA OF DISTRICT COUNCIL NORTH, PROVINCE WELLESLEY",PERMATANG BOGAK WARD,ALLIANCE - UMNO,AB. RAHMAN BIN HAJI MOHD. YUNUS,MALE,,,WON,Y
"LOCAL AUTHORITY AREA OF DISTRICT COUNCIL NORTH, PROVINCE WELLESLEY",EKOR KUCHING WARD,ALLIANCE - MCA,FONG AIK OON,,,,WON,Y
"LOCAL AUTHORITY AREA OF DISTRICT COUNCIL NORTH, PROVINCE WELLESLEY",MALAKOFF WARD,ALLIANCE - UMNO,AB. MAJID BIN HUSSEIN,MALE,,,WON,Y
"LOCAL AUTHORITY AREA OF DISTRICT COUNCIL NORTH, PROVINCE WELLESLEY",TASEK GLUGOR WARD,ALLIANCE - UMNO,HJ. OTHMAN BIN HJ. YAHAYA,MALE,,,WON,Y
"LOCAL AUTHORITY AREA OF DISTRICT COUNCIL NORTH, PROVINCE WELLESLEY",PERMATANG TO'GELAM WARD,ALLIANCE - UMNO,MOHAMED BIN HAJI SAID,MALE,,,WON,Y
"LOCAL AUTHORITY AREA OF DISTRICT COUNCIL NORTH, PROVINCE WELLESLEY",BAGAN AJAM WARD,ALLIANCE - MCA,WEE TIONG GHEE,,,,WON,Y
"LOCAL AUTHORITY AREA OF DISTRICT COUNCIL NORTH, PROVINCE WELLESLEY",SUNGEI MAK MANDIN WARD,ALLIANCE - MCA,LIM EANG CHENG,,,,WON,Y
"LOCAL AUTHORITY AREA OF DISTRICT COUNCIL NORTH, PROVINCE WELLESLEY",TELAGA AYER WARD,ALLIANCE - MCA,LENG HIN FATT,,,,WON,Y
"LOCAL AUTHORITY AREA OF DISTRICT COUNCIL NORTH, PROVINCE WELLESLEY",KAMPONG JAWA WARD,ALLIANCE - MCA,CHIN PENG CHOW,,,,WON,Y
"LOCAL AUTHORITY AREA OF DISTRICT COUNCIL NORTH, PROVINCE WELLESLEY",SUNGEI PRAI WARD,ALLIANCE - MIC,"GOVINDASAMY, N. ",MALE,,,WON,Y
"LOCAL AUTHORITY AREA OF DISTRICT COUNCIL NORTH, PROVINCE WELLESLEY",BAGAN DALAM WARD,ALLIANCE - UMNO,CHE NAH BINTE ARSHAD,FEMALE,38,1519,WON,
"LOCAL AUTHORITY AREA OF DISTRICT COUNCIL NORTH, PROVINCE WELLESLEY",BAGAN DALAM WARD,PMIP,MOHD. SIDEK BIN HAJI RAFIE,MALE,42,356,LOST,
"LOCAL AUTHORITY AREA OF DISTRICT COUNCIL NORTH, PROVINCE WELLESLEY",BAGAN DALAM WARD,REJECTED BALLOT PAPERS,,,,43,,
"LOCAL AUTHORITY AREA OF DISTRICT COUNCIL NORTH, PROVINCE WELLESLEY",BAGAN DALAM WARD,TOTAL BALLOTS ISSUED,,,,1918,,
"LOCAL AUTHORITY AREA OF DISTRICT COUNCIL NORTH, PROVINCE WELLESLEY",BAGAN DALAM WARD,TOTAL ELECTORATE,,,,2973,,
"LOCAL AUTHORITY AREA OF DISTRICT COUNCIL NORTH, PROVINCE WELLESLEY",BAGAN DALAM WARD,TURNOUT (%),,,,64.5,,
"LOCAL AUTHORITY AREA OF DISTRICT COUNCIL NORTH, PROVINCE WELLESLEY",NYIOR SEBATANG WARD,ALLIANCE - UMNO,HJ. MOHAMED HASHIM BIN JAAFAR,MALE,,1260,WON,
"LOCAL AUTHORITY AREA OF DISTRICT COUNCIL NORTH, PROVINCE WELLESLEY",NYIOR SEBATANG WARD,PMIP,WAN BIN ABU,MALE,,820,LOST,
"LOCAL AUTHORITY AREA OF DISTRICT COUNCIL NORTH, PROVINCE WELLESLEY",NYIOR SEBATANG WARD,REJECTED BALLOT PAPERS,,,,40,,
"LOCAL AUTHORITY AREA OF DISTRICT COUNCIL NORTH, PROVINCE WELLESLEY",NYIOR SEBATANG WARD,TOTAL BALLOTS ISSUED,,,,2120,,
"LOCAL AUTHORITY AREA OF DISTRICT COUNCIL NORTH, PROVINCE WELLESLEY",NYIOR SEBATANG WARD,TOTAL ELECTORATE,,,,2537,,
"LOCAL AUTHORITY AREA OF DISTRICT COUNCIL NORTH, PROVINCE WELLESLEY",NYIOR SEBATANG WARD,TURNOUT (%),,,,83.5,,
"LOCAL AUTHORITY AREA OF DISTRICT COUNCIL NORTH, PROVINCE WELLESLEY",PERMATANG TO'BIDAN WARD,ALLIANCE - MCA,LOW HAR JIN,MALE,,1375,WON,
"LOCAL AUTHORITY AREA OF DISTRICT COUNCIL NORTH, PROVINCE WELLESLEY",PERMATANG TO'BIDAN WARD,PMIP,HARUN BIN MOHAMED,MALE,,479,LOST,
"LOCAL AUTHORITY AREA OF DISTRICT COUNCIL NORTH, PROVINCE WELLESLEY",PERMATANG TO'BIDAN WARD,REJECTED BALLOT PAPERS,,,,40,,
"LOCAL AUTHORITY AREA OF DISTRICT COUNCIL NORTH, PROVINCE WELLESLEY",PERMATANG TO'BIDAN WARD,TOTAL BALLOTS ISSUED,,,,1894,,
"LOCAL AUTHORITY AREA OF DISTRICT COUNCIL NORTH, PROVINCE WELLESLEY",PERMATANG TO'BIDAN WARD,TOTAL ELECTORATE,,,,2666,,
"LOCAL AUTHORITY AREA OF DISTRICT COUNCIL NORTH, PROVINCE WELLESLEY",PERMATANG TO'BIDAN WARD,TURNOUT (%),,,,71.1,,
"LOCAL AUTHORITY AREA OF DISTRICT COUNCIL NORTH, PROVINCE WELLESLEY",SUNGEI MAKLOM WARD,PMIP,BASHA BIN AWANG,MALE,,492,LOST,
"LOCAL AUTHORITY AREA OF DISTRICT COUNCIL NORTH, PROVINCE WELLESLEY",SUNGEI MAKLOM WARD,ALLIANCE - UMNO,MUSTAFA BIN ARSHAD,MALE,,1430,WON,
"LOCAL AUTHORITY AREA OF DISTRICT COUNCIL NORTH, PROVINCE WELLESLEY",SUNGEI MAKLOM WARD,REJECTED BALLOT PAPERS,,,,52,,
"LOCAL AUTHORITY AREA OF DISTRICT COUNCIL NORTH, PROVINCE WELLESLEY",SUNGEI MAKLOM WARD,TOTAL BALLOTS ISSUED,,,,1974,,
"LOCAL AUTHORITY AREA OF DISTRICT COUNCIL NORTH, PROVINCE WELLESLEY",SUNGEI MAKLOM WARD,TOTAL ELECTORATE,,,,2524,,
"LOCAL AUTHORITY AREA OF DISTRICT COUNCIL NORTH, PROVINCE WELLESLEY",SUNGEI MAKLOM WARD,TURNOUT (%),,,,78.2,,
"LOCAL AUTHORITY AREA OF DISTRICT COUNCIL CENTRAL, PROVINCE WELLESLEY",GOA JERING WARD,ALLIANCE - UMNO,HJ. MD. NOOR BIN HJ. A. BAKAR,MALE,,,WON,Y
"LOCAL AUTHORITY AREA OF DISTRICT COUNCIL CENTRAL, PROVINCE WELLESLEY",KUBANG SEMANG WARD,ALLIANCE - UMNO,AHMAD BIN YAHAYA,MALE,,,WON,Y
"LOCAL AUTHORITY AREA OF DISTRICT COUNCIL CENTRAL, PROVINCE WELLESLEY",KAMPONG SETOL WARD,ALLIANCE - UMNO,MEGAT HARON BIN MEGAT AZIZ,MALE,,,WON,Y
"LOCAL AUTHORITY AREA OF DISTRICT COUNCIL CENTRAL, PROVINCE WELLESLEY",BERAPIT WARD,ALLIANCE - MCA,CHOW BOON KHYE,MALE,,944,WON,
"LOCAL AUTHORITY AREA OF DISTRICT COUNCIL CENTRAL, PROVINCE WELLESLEY",BERAPIT WARD,SF,ABD. RAZAK BIN AHMAD,MALE,,569,LOST,
"LOCAL AUTHORITY AREA OF DISTRICT COUNCIL CENTRAL, PROVINCE WELLESLEY",BERAPIT WARD,REJECTED BALLOT PAPERS,,,,39,,
"LOCAL AUTHORITY AREA OF DISTRICT COUNCIL CENTRAL, PROVINCE WELLESLEY",BERAPIT WARD,TOTAL BALLOTS ISSUED,,,,1552,,
"LOCAL AUTHORITY AREA OF DISTRICT COUNCIL CENTRAL, PROVINCE WELLESLEY",BERAPIT WARD,TOTAL ELECTORATE,,,,1988,,
"LOCAL AUTHORITY AREA OF DISTRICT COUNCIL CENTRAL, PROVINCE WELLESLEY",BERAPIT WARD,TURNOUT (%),,,,76.1,,
"LOCAL AUTHORITY AREA OF DISTRICT COUNCIL CENTRAL, PROVINCE WELLESLEY",KAMPONG CROSS STREET WARD,SF,ONG CHIN SIONG,MALE,,1162,WON,
"LOCAL AUTHORITY AREA OF DISTRICT COUNCIL CENTRAL, PROVINCE WELLESLEY",KAMPONG CROSS STREET WARD,ALLIANCE - MCA,NG CHOON KEE,MALE,,566,LOST,
"LOCAL AUTHORITY AREA OF DISTRICT COUNCIL CENTRAL, PROVINCE WELLESLEY",KAMPONG CROSS STREET WARD,REJECTED BALLOT PAPERS,,,,36,,
"LOCAL AUTHORITY AREA OF DISTRICT COUNCIL CENTRAL, PROVINCE WELLESLEY",KAMPONG CROSS STREET WARD,TOTAL BALLOTS ISSUED,,,,1764,,
"LOCAL AUTHORITY AREA OF DISTRICT COUNCIL CENTRAL, PROVINCE WELLESLEY",KAMPONG CROSS STREET WARD,TOTAL ELECTORATE,,,,2310,,
"LOCAL AUTHORITY AREA OF DISTRICT COUNCIL CENTRAL, PROVINCE WELLESLEY",KAMPONG CROSS STREET WARD,TURNOUT (%),,,,76.3,,
"LOCAL AUTHORITY AREA OF DISTRICT COUNCIL CENTRAL, PROVINCE WELLESLEY",KAMPONG KOVIL WARD,SF,ABDUL RAHMAN BIN SULAIMAN,MALE,25,1119,WON,
"LOCAL AUTHORITY AREA OF DISTRICT COUNCIL CENTRAL, PROVINCE WELLESLEY",KAMPONG KOVIL WARD,ALLIANCE - MCA,TAN SIEW TEE,FEMALE,,679,LOST,
"LOCAL AUTHORITY AREA OF DISTRICT COUNCIL CENTRAL, PROVINCE WELLESLEY",KAMPONG KOVIL WARD,REJECTED BALLOT PAPERS,,,,37,,
"LOCAL AUTHORITY AREA OF DISTRICT COUNCIL CENTRAL, PROVINCE WELLESLEY",KAMPONG KOVIL WARD,TOTAL BALLOTS ISSUED,,,,1835,,
"LOCAL AUTHORITY AREA OF DISTRICT COUNCIL CENTRAL, PROVINCE WELLESLEY",KAMPONG KOVIL WARD,TOTAL ELECTORATE,,,,2503,,
"LOCAL AUTHORITY AREA OF DISTRICT COUNCIL CENTRAL, PROVINCE WELLESLEY",KAMPONG KOVIL WARD,TURNOUT (%),,,,73.3,,
"LOCAL AUTHORITY AREA OF DISTRICT COUNCIL CENTRAL, PROVINCE WELLESLEY",SUNGEI RAMBAT,SF,ONG CHENG PIAW,MALE,,847,LOST,
"LOCAL AUTHORITY AREA OF DISTRICT COUNCIL CENTRAL, PROVINCE WELLESLEY",SUNGEI RAMBAT,ALLIANCE - MCA,OOI WENG TEE,MALE,,872,WON,
"LOCAL AUTHORITY AREA OF DISTRICT COUNCIL CENTRAL, PROVINCE WELLESLEY",SUNGEI RAMBAT,REJECTED BALLOT PAPERS,,,,31,,
"LOCAL AUTHORITY AREA OF DISTRICT COUNCIL CENTRAL, PROVINCE WELLESLEY",SUNGEI RAMBAT,TOTAL BALLOTS ISSUED,,,,1750,,
"LOCAL AUTHORITY AREA OF DISTRICT COUNCIL CENTRAL, PROVINCE WELLESLEY",SUNGEI RAMBAT,TOTAL ELECTORATE,,,,2319,,
"LOCAL AUTHORITY AREA OF DISTRICT COUNCIL CENTRAL, PROVINCE WELLESLEY",SUNGEI RAMBAT,TURNOUT (%),,,,75.4,,
"LOCAL AUTHORITY AREA OF DISTRICT COUNCIL CENTRAL, PROVINCE WELLESLEY",KULIM ROAD WARD,INDEPENDENT,TAN TEIK JIN,MALE,,455,LOST,
"LOCAL AUTHORITY AREA OF DISTRICT COUNCIL CENTRAL, PROVINCE WELLESLEY",KULIM ROAD WARD,ALLIANCE - UMNO,SHAIK DAWOOD,MALE,,551,WON,
"LOCAL AUTHORITY AREA OF DISTRICT COUNCIL CENTRAL, PROVINCE WELLESLEY",KULIM ROAD WARD,SF,TAN CHIN TEIK,MALE,,549,LOST,
"LOCAL AUTHORITY AREA OF DISTRICT COUNCIL CENTRAL, PROVINCE WELLESLEY",KULIM ROAD WARD,REJECTED BALLOT PAPERS,,,,23,,
"LOCAL AUTHORITY AREA OF DISTRICT COUNCIL CENTRAL, PROVINCE WELLESLEY",KULIM ROAD WARD,TOTAL BALLOTS ISSUED,,,,1578,,
"LOCAL AUTHORITY AREA OF DISTRICT COUNCIL CENTRAL, PROVINCE WELLESLEY",KULIM ROAD WARD,TOTAL ELECTORATE,,,,1905,,
"LOCAL AUTHORITY AREA OF DISTRICT COUNCIL CENTRAL, PROVINCE WELLESLEY",KULIM ROAD WARD,TURNOUT (%),,,,82.8,,
"LOCAL AUTHORITY AREA OF DISTRICT COUNCIL CENTRAL, PROVINCE WELLESLEY",HUTAN NIBONG WARD,PMIP,ISMAIL BIN YUSOF,MALE,,495,LOST,
"LOCAL AUTHORITY AREA OF DISTRICT COUNCIL CENTRAL, PROVINCE WELLESLEY",HUTAN NIBONG WARD,ALLIANCE - UMNO,ABU BAKAR BIN DIN,MALE,,1122,WON,
"LOCAL AUTHORITY AREA OF DISTRICT COUNCIL CENTRAL, PROVINCE WELLESLEY",HUTAN NIBONG WARD,REJECTED BALLOT PAPERS,,,,34,,
"LOCAL AUTHORITY AREA OF DISTRICT COUNCIL CENTRAL, PROVINCE WELLESLEY",HUTAN NIBONG WARD,TOTAL BALLOTS ISSUED,,,,1651,,
"LOCAL AUTHORITY AREA OF DISTRICT COUNCIL CENTRAL, PROVINCE WELLESLEY",HUTAN NIBONG WARD,TOTAL ELECTORATE,,,,2053,,
"LOCAL AUTHORITY AREA OF DISTRICT COUNCIL CENTRAL, PROVINCE WELLESLEY",HUTAN NIBONG WARD,TURNOUT (%),,,,80.5,,
"LOCAL AUTHORITY AREA OF DISTRICT COUNCIL CENTRAL, PROVINCE WELLESLEY",KEBUN SIREH WARD,SF,SIM MAN LEE,MALE,,741,WON,
"LOCAL AUTHORITY AREA OF DISTRICT COUNCIL CENTRAL, PROVINCE WELLESLEY",KEBUN SIREH WARD,ALLIANCE - MCA,OOI CHEONG LIN,MALE,,725,LOST,
"LOCAL AUTHORITY AREA OF DISTRICT COUNCIL CENTRAL, PROVINCE WELLESLEY",KEBUN SIREH WARD,REJECTED BALLOT PAPERS,,,,49,,
"LOCAL AUTHORITY AREA OF DISTRICT COUNCIL CENTRAL, PROVINCE WELLESLEY",KEBUN SIREH WARD,TOTAL BALLOTS ISSUED,,,,1515,,
"LOCAL AUTHORITY AREA OF DISTRICT COUNCIL CENTRAL, PROVINCE WELLESLEY",KEBUN SIREH WARD,TOTAL ELECTORATE,,,,2029,,
"LOCAL AUTHORITY AREA OF DISTRICT COUNCIL CENTRAL, PROVINCE WELLESLEY",KEBUN SIREH WARD,TURNOUT (%),,,,74.6,,
"LOCAL AUTHORITY AREA OF DISTRICT COUNCIL CENTRAL, PROVINCE WELLESLEY",JURU WARD,ALLIANCE - UMNO,HUSSAIN BIN CHIK,MALE,,925,WON,
"LOCAL AUTHORITY AREA OF DISTRICT COUNCIL CENTRAL, PROVINCE WELLESLEY",JURU WARD,SF,HJ. MOHAMED ALI BIN ARSHAD,MALE,,556,LOST,
"LOCAL AUTHORITY AREA OF DISTRICT COUNCIL CENTRAL, PROVINCE WELLESLEY",JURU WARD,REJECTED BALLOT PAPERS,,,,36,,
"LOCAL AUTHORITY AREA OF DISTRICT COUNCIL CENTRAL, PROVINCE WELLESLEY",JURU WARD,TOTAL BALLOTS ISSUED,,,,1517,,
"LOCAL AUTHORITY AREA OF DISTRICT COUNCIL CENTRAL, PROVINCE WELLESLEY",JURU WARD,TOTAL ELECTORATE,,,,1806,,
"LOCAL AUTHORITY AREA OF DISTRICT COUNCIL CENTRAL, PROVINCE WELLESLEY",JURU WARD,TURNOUT (%),,,,83.9,,
"LOCAL AUTHORITY AREA OF DISTRICT COUNCIL CENTRAL, PROVINCE WELLESLEY",BUKIT MINYAK WARD,SF,LEONG YOON CHYE,MALE,,614,LOST,
"LOCAL AUTHORITY AREA OF DISTRICT COUNCIL CENTRAL, PROVINCE WELLESLEY",BUKIT MINYAK WARD,ALLIANCE - MCA,LEE CHONG LIAT,MALE,,1204,WON,
"LOCAL AUTHORITY AREA OF DISTRICT COUNCIL CENTRAL, PROVINCE WELLESLEY",BUKIT MINYAK WARD,REJECTED BALLOT PAPERS,,,,46,,
"LOCAL AUTHORITY AREA OF DISTRICT COUNCIL CENTRAL, PROVINCE WELLESLEY",BUKIT MINYAK WARD,TOTAL BALLOTS ISSUED,,,,1864,,
"LOCAL AUTHORITY AREA OF DISTRICT COUNCIL CENTRAL, PROVINCE WELLESLEY",BUKIT MINYAK WARD,TOTAL ELECTORATE,,,,2257,,
"LOCAL AUTHORITY AREA OF DISTRICT COUNCIL CENTRAL, PROVINCE WELLESLEY",BUKIT MINYAK WARD,TURNOUT (%),,,,82.6,,
"LOCAL AUTHORITY AREA OF DISTRICT COUNCIL CENTRAL, PROVINCE WELLESLEY",BUKIT MERAH WARD,PMIP,MOHAMED BIN SHARIFF,MALE,,425,LOST,
"LOCAL AUTHORITY AREA OF DISTRICT COUNCIL CENTRAL, PROVINCE WELLESLEY",BUKIT MERAH WARD,ALLIANCE - UMNO,A. RAHMAN BIN OMAR,MALE,,1088,WON,
"LOCAL AUTHORITY AREA OF DISTRICT COUNCIL CENTRAL, PROVINCE WELLESLEY",BUKIT MERAH WARD,REJECTED BALLOT PAPERS,,,,35,,
"LOCAL AUTHORITY AREA OF DISTRICT COUNCIL CENTRAL, PROVINCE WELLESLEY",BUKIT MERAH WARD,TOTAL BALLOTS ISSUED,,,,1548,,
"LOCAL AUTHORITY AREA OF DISTRICT COUNCIL CENTRAL, PROVINCE WELLESLEY",BUKIT MERAH WARD,TOTAL ELECTORATE,,,,1817,,
"LOCAL AUTHORITY AREA OF DISTRICT COUNCIL CENTRAL, PROVINCE WELLESLEY",BUKIT MERAH WARD,TURNOUT (%),,,,85.2,,
"LOCAL AUTHORITY AREA OF DISTRICT COUNCIL CENTRAL, PROVINCE WELLESLEY",BUKIT LANGKAP WARD,INDEPENDENT,MOHAMED BIN TAIB,MALE,,234,LOST,
"LOCAL AUTHORITY AREA OF DISTRICT COUNCIL CENTRAL, PROVINCE WELLESLEY",BUKIT LANGKAP WARD,ALLIANCE - MCA,LIM KOK HONG,MALE,,660,WON,
"LOCAL AUTHORITY AREA OF DISTRICT COUNCIL CENTRAL, PROVINCE WELLESLEY",BUKIT LANGKAP WARD,SF,PAHARUDDIN BIN IBRAHIM,MALE,,354,LOST,
"LOCAL AUTHORITY AREA OF DISTRICT COUNCIL CENTRAL, PROVINCE WELLESLEY",BUKIT LANGKAP WARD,REJECTED BALLOT PAPERS,,,,18,,
"LOCAL AUTHORITY AREA OF DISTRICT COUNCIL CENTRAL, PROVINCE WELLESLEY",BUKIT LANGKAP WARD,TOTAL BALLOTS ISSUED,,,,1266,,
"LOCAL AUTHORITY AREA OF DISTRICT COUNCIL CENTRAL, PROVINCE WELLESLEY",BUKIT LANGKAP WARD,TOTAL ELECTORATE,,,,1587,,
"LOCAL AUTHORITY AREA OF DISTRICT COUNCIL CENTRAL, PROVINCE WELLESLEY",BUKIT LANGKAP WARD,TURNOUT (%),,,,79.8,,
"LOCAL AUTHORITY AREA OF DISTRICT COUNCIL CENTRAL, PROVINCE WELLESLEY",JUNJONG TENGAH WARD,ALLIANCE - UMNO,CHE YAN BT. H. HUSSAIN,FEMALE,,1286,WON,
"LOCAL AUTHORITY AREA OF DISTRICT COUNCIL CENTRAL, PROVINCE WELLESLEY",JUNJONG TENGAH WARD,SF,OTHMAN BIN SHAFIE,MALE,,372,LOST,
"LOCAL AUTHORITY AREA OF DISTRICT COUNCIL CENTRAL, PROVINCE WELLESLEY",JUNJONG TENGAH WARD,REJECTED BALLOT PAPERS,,,,36,,
"LOCAL AUTHORITY AREA OF DISTRICT COUNCIL CENTRAL, PROVINCE WELLESLEY",JUNJONG TENGAH WARD,TOTAL BALLOTS ISSUED,,,,1694,,
"LOCAL AUTHORITY AREA OF DISTRICT COUNCIL CENTRAL, PROVINCE WELLESLEY",JUNJONG TENGAH WARD,TOTAL ELECTORATE,,,,2131,,
"LOCAL AUTHORITY AREA OF DISTRICT COUNCIL CENTRAL, PROVINCE WELLESLEY",JUNJONG TENGAH WARD,TURNOUT (%),,,,79.5,,
"LOCAL AUTHORITY AREA OF DISTRICT COUNCIL SOUTH, PROVINCE WELLESLEY ",SIMPANG AMPAT WARD,SF,WONG AH TAK,MALE,,736,LOST,
"LOCAL AUTHORITY AREA OF DISTRICT COUNCIL SOUTH, PROVINCE WELLESLEY ",SIMPANG AMPAT WARD,ALLIANCE - MCA,ONG BOOK CHUAN @ NG SWEE CHING,MALE,,1217,WON,
"LOCAL AUTHORITY AREA OF DISTRICT COUNCIL SOUTH, PROVINCE WELLESLEY ",SIMPANG AMPAT WARD,REJECTED BALLOT PAPERS,,,,34,,
"LOCAL AUTHORITY AREA OF DISTRICT COUNCIL SOUTH, PROVINCE WELLESLEY ",SIMPANG AMPAT WARD,TOTAL BALLOTS ISSUED,,,,1987,,
"LOCAL AUTHORITY AREA OF DISTRICT COUNCIL SOUTH, PROVINCE WELLESLEY ",SIMPANG AMPAT WARD,TOTAL ELECTORATE,,,,2296,,
"LOCAL AUTHORITY AREA OF DISTRICT COUNCIL SOUTH, PROVINCE WELLESLEY ",SIMPANG AMPAT WARD,TURNOUT (%),,,,86.5,,
"LOCAL AUTHORITY AREA OF DISTRICT COUNCIL SOUTH, PROVINCE WELLESLEY ",TASEK WARD,SF,MD. NOOR BIN SAIDIN,MALE,,462,LOST,
"LOCAL AUTHORITY AREA OF DISTRICT COUNCIL SOUTH, PROVINCE WELLESLEY ",TASEK WARD,ALLIANCE - UMNO,MD. NOOR BIN MAHMOOD,MALE,,626,WON,
"LOCAL AUTHORITY AREA OF DISTRICT COUNCIL SOUTH, PROVINCE WELLESLEY ",TASEK WARD,REJECTED BALLOT PAPERS,,,,18,,
"LOCAL AUTHORITY AREA OF DISTRICT COUNCIL SOUTH, PROVINCE WELLESLEY ",TASEK WARD,TOTAL BALLOTS ISSUED,,,,1106,,
"LOCAL AUTHORITY AREA OF DISTRICT COUNCIL SOUTH, PROVINCE WELLESLEY ",TASEK WARD,TOTAL ELECTORATE,,,,1362,,
"LOCAL AUTHORITY AREA OF DISTRICT COUNCIL SOUTH, PROVINCE WELLESLEY ",TASEK WARD,TURNOUT (%),,,,81.2,,
"LOCAL AUTHORITY AREA OF DISTRICT COUNCIL SOUTH, PROVINCE WELLESLEY ",SUNGEI BAKAP UTARA WARD,SF,SEOW HUN BOO,MALE,,886,WON,
"LOCAL AUTHORITY AREA OF DISTRICT COUNCIL SOUTH, PROVINCE WELLESLEY ",SUNGEI BAKAP UTARA WARD,ALLIANCE - MCA,ANTHONY KOK FOOK SEN,MALE,,836,LOST,
"LOCAL AUTHORITY AREA OF DISTRICT COUNCIL SOUTH, PROVINCE WELLESLEY ",SUNGEI BAKAP UTARA WARD,REJECTED BALLOT PAPERS,,,,41,,
"LOCAL AUTHORITY AREA OF DISTRICT COUNCIL SOUTH, PROVINCE WELLESLEY ",SUNGEI BAKAP UTARA WARD,TOTAL BALLOTS ISSUED,,,,1763,,
"LOCAL AUTHORITY AREA OF DISTRICT COUNCIL SOUTH, PROVINCE WELLESLEY ",SUNGEI BAKAP UTARA WARD,TOTAL ELECTORATE,,,,1989,,
"LOCAL AUTHORITY AREA OF DISTRICT COUNCIL SOUTH, PROVINCE WELLESLEY ",SUNGEI BAKAP UTARA WARD,TURNOUT (%),,,,88.6,,
"LOCAL AUTHORITY AREA OF DISTRICT COUNCIL SOUTH, PROVINCE WELLESLEY ",SUNGEI BAKAP WARD,ALLIANCE - MCA,CHIN FOOK GOOI,MALE,,656,WON,
"LOCAL AUTHORITY AREA OF DISTRICT COUNCIL SOUTH, PROVINCE WELLESLEY ",SUNGEI BAKAP WARD,SF,TAMIN BIN HAJI ABDULLAH,MALE,,480,LOST,
"LOCAL AUTHORITY AREA OF DISTRICT COUNCIL SOUTH, PROVINCE WELLESLEY ",SUNGEI BAKAP WARD,REJECTED BALLOT PAPERS,,,,20,,
"LOCAL AUTHORITY AREA OF DISTRICT COUNCIL SOUTH, PROVINCE WELLESLEY ",SUNGEI BAKAP WARD,TOTAL BALLOTS ISSUED,,,,1156,,
"LOCAL AUTHORITY AREA OF DISTRICT COUNCIL SOUTH, PROVINCE WELLESLEY ",SUNGEI BAKAP WARD,TOTAL ELECTORATE,,,,1466,,
"LOCAL AUTHORITY AREA OF DISTRICT COUNCIL SOUTH, PROVINCE WELLESLEY ",SUNGEI BAKAP WARD,TURNOUT (%),,,,78.9,,
"LOCAL AUTHORITY AREA OF DISTRICT COUNCIL SOUTH, PROVINCE WELLESLEY ",SUNGEI BAKAP SELATAN WARD,ALLIANCE - MCA,LIM TEIK HOE,MALE,,796,WON,
"LOCAL AUTHORITY AREA OF DISTRICT COUNCIL SOUTH, PROVINCE WELLESLEY ",SUNGEI BAKAP SELATAN WARD,SF,TAN BAK TIANG,MALE,,747,LOST,
"LOCAL AUTHORITY AREA OF DISTRICT COUNCIL SOUTH, PROVINCE WELLESLEY ",SUNGEI BAKAP SELATAN WARD,REJECTED BALLOT PAPERS,,,,29,,
"LOCAL AUTHORITY AREA OF DISTRICT COUNCIL SOUTH, PROVINCE WELLESLEY ",SUNGEI BAKAP SELATAN WARD,TOTAL BALLOTS ISSUED,,,,1572,,
"LOCAL AUTHORITY AREA OF DISTRICT COUNCIL SOUTH, PROVINCE WELLESLEY ",SUNGEI BAKAP SELATAN WARD,TOTAL ELECTORATE,,,,1780,,
"LOCAL AUTHORITY AREA OF DISTRICT COUNCIL SOUTH, PROVINCE WELLESLEY ",SUNGEI BAKAP SELATAN WARD,TURNOUT (%),,,,83,,
"LOCAL AUTHORITY AREA OF DISTRICT COUNCIL SOUTH, PROVINCE WELLESLEY ",CALEDONIA WARD,SF,"ARMOGAM, A. @ ARUMUGAM, A.",MALE,,909,LOST,
"LOCAL AUTHORITY AREA OF DISTRICT COUNCIL SOUTH, PROVINCE WELLESLEY ",CALEDONIA WARD,ALLIANCE - UMNO,M. MOHAMED ISMAIL,MALE,,962,WON,
"LOCAL AUTHORITY AREA OF DISTRICT COUNCIL SOUTH, PROVINCE WELLESLEY ",CALEDONIA WARD,REJECTED BALLOT PAPERS,,,,32,,
"LOCAL AUTHORITY AREA OF DISTRICT COUNCIL SOUTH, PROVINCE WELLESLEY ",CALEDONIA WARD,TOTAL ELECTORATE,,,,2467,,
"LOCAL AUTHORITY AREA OF DISTRICT COUNCIL SOUTH, PROVINCE WELLESLEY ",CALEDONIA WARD,TURNOUT (%),,,,77.2,,
"LOCAL AUTHORITY AREA OF DISTRICT COUNCIL SOUTH, PROVINCE WELLESLEY ",BUKIT PANCHOR WARD,ALLIANCE - UMNO,RADZI BIN HAJI SAAD,MALE,,1269,WON,
"LOCAL AUTHORITY AREA OF DISTRICT COUNCIL SOUTH, PROVINCE WELLESLEY ",BUKIT PANCHOR WARD,SF,KHOR PENG CHONG,MALE,,1019,LOST,
"LOCAL AUTHORITY AREA OF DISTRICT COUNCIL SOUTH, PROVINCE WELLESLEY ",BUKIT PANCHOR WARD,REJECTED BALLOT PAPERS,,,,33,,
"LOCAL AUTHORITY AREA OF DISTRICT COUNCIL SOUTH, PROVINCE WELLESLEY ",BUKIT PANCHOR WARD,TOTAL BALLOTS ISSUED,,,,2321,,
"LOCAL AUTHORITY AREA OF DISTRICT COUNCIL SOUTH, PROVINCE WELLESLEY ",BUKIT PANCHOR WARD,TOTAL ELECTORATE,,,,2720,,
"LOCAL AUTHORITY AREA OF DISTRICT COUNCIL SOUTH, PROVINCE WELLESLEY ",BUKIT PANCHOR WARD,TURNOUT (%),,,,85.3,,
"LOCAL AUTHORITY AREA OF DISTRICT COUNCIL SOUTH, PROVINCE WELLESLEY ",KUALA KRIAN WARD,SF,OSMAN BIN MD. NOOH,MALE,,450,LOST,
"LOCAL AUTHORITY AREA OF DISTRICT COUNCIL SOUTH, PROVINCE WELLESLEY ",KUALA KRIAN WARD,ALLIANCE - UMNO,DARUS BIN MD. AKIL,MALE,,1044,WON,
"LOCAL AUTHORITY AREA OF DISTRICT COUNCIL SOUTH, PROVINCE WELLESLEY ",KUALA KRIAN WARD,REJECTED BALLOT PAPERS,,,,39,,
"LOCAL AUTHORITY AREA OF DISTRICT COUNCIL SOUTH, PROVINCE WELLESLEY ",KUALA KRIAN WARD,TOTAL BALLOTS ISSUED,,,,1533,,
"LOCAL AUTHORITY AREA OF DISTRICT COUNCIL SOUTH, PROVINCE WELLESLEY ",KUALA KRIAN WARD,TOTAL ELECTORATE,,,,1932,,
"LOCAL AUTHORITY AREA OF DISTRICT COUNCIL SOUTH, PROVINCE WELLESLEY ",KUALA KRIAN WARD,TURNOUT (%),,,,79.4,,
"LOCAL AUTHORITY AREA OF DISTRICT COUNCIL SOUTH, PROVINCE WELLESLEY ",TO' MAHAT WARD,SF,ARIFIN BIN MAT,MALE,,539,LOST,
"LOCAL AUTHORITY AREA OF DISTRICT COUNCIL SOUTH, PROVINCE WELLESLEY ",TO' MAHAT WARD,ALLIANCE - UMNO,HASHIM BIN PUTEH,MALE,,1017,WON,
"LOCAL AUTHORITY AREA OF DISTRICT COUNCIL SOUTH, PROVINCE WELLESLEY ",TO' MAHAT WARD,REJECTED BALLOT PAPERS,,,,35,,
"LOCAL AUTHORITY AREA OF DISTRICT COUNCIL SOUTH, PROVINCE WELLESLEY ",TO' MAHAT WARD,TOTAL BALLOTS ISSUED,,,,1591,,
"LOCAL AUTHORITY AREA OF DISTRICT COUNCIL SOUTH, PROVINCE WELLESLEY ",TO' MAHAT WARD,TOTAL ELECTORATE,,,,2050,,
"LOCAL AUTHORITY AREA OF DISTRICT COUNCIL SOUTH, PROVINCE WELLESLEY ",TO' MAHAT WARD,TURNOUT (%),,,,77.6,,